02-GioPonSpiz-headquarters,05-MalPatSaj-headquarters,06-MarScoToc-headquarters,10-DeBiGa-headquarters
uppsala,vienna,taipei,[]
malmö,klagenfurt,taipei,"['taipei', 'taiwan']"
gothenburg,rottenmann,"lanham, maryland","['mumbai', 'maharashtra']"
svängsta,ried im innkreis,london,"['oklahoma city, oklahoma', 'united states']"
stockholm,premstätten,london,"['beijing, china']"
stockholm,graz,london,"['palo alto, ca']"
stockholm,altenmarkt im pongau,wieliczka,"['new brunswick, new jersey', 'u.s.']"
stockholm,vienna,"ch??, tokyo","['one microsoft way', 'redmond, washington']"
luleå,braunau am inn,amsterdam,[]
stockholm,vienna,illinois,"['bentonville, arkansas']"
lund,schwechat,"danvers, massachusetts",['saint kitts and nevis']
landskrona,graz,"north chicago, illinois","['northern cross, malahide road, dublin, ireland']"
ulricehamn,eggelsberg,dublin,"['ottawa', 'ontario']"
stockholm,vienna,collins street,"['oakland', 'california', 'u.s.']"
stockholm,klosterneuburg,collins street,[]
mölndal,vienna,collins street,['neckarsulm']
västerås,waidhofen an der ybbs,collins street,['beijing']
västerås,vienna,essen,"['essen', 'mülheim']"
stockholm,wiener neudorf,"plymouth, michigan, u.s.","['deerfield, illinois']"
södertälje,vienna,bellevue,"['atlanta, georgia']"
nacka,vienna,mumbai,['brampton']
mölnlycke,vienna,mumbai,"['1000 ', ', u.s.']"
stockholm,vienna,mumbai,['paris']
stockholm,vienna,mihama-ku,"['bella vista, new south wales']"
stockholm,klagenfurt,zaandam,"['goodlettsville, tennessee']"
stockholm,traun,zaandam,"['issaquah, washington']"
stockholm,vienna,,['delft']
stockholm,wiener neustadt,amsterdam,"['saint-étienne', 'france']"
lund,amstetten,hong kong,"['croix', 'lille métropole']"
örnsköldsvik,wolfurt,lund,['nanjing']
enköping,vienna,shiodome city center,"['bangkok', 'thailand']"
stockholm,vienna,taguig,['düsseldorf']
gothenburg,linz,munich,"['arteixo', 'a coruña', 'spain']"
gothenburg,ried im innkreis,[2],"['bologna', 'italy']"
stockholm,vienna,[2],"['san francisco, california', 'u.s.']"
uppsala,jenbach,saint-ouen-sur-seine,"['hamburg', 'germany']"
solna,linz,googleplex,"['beaverton, oregon']"
stockholm,vienna,googleplex,['new york city']
stockholm,deutsch-wagram,reynolds metals company international headquarters,"['memphis, tennessee']"
stockholm,vienna,reynolds metals company international headquarters,"['monterrey', 'nuevo león', 'mexico']"
karlskoga,höchst,zurich,"['karlsruhe', 'germany']"
lidingö,vienna,"fort worth, texas","['solna', 'stockholm', 'sweden']"
stockholm,vienna,"new york city, new york","['madrid', 'spain']"
eskilstuna,vienna,"new york city, new york",['brackenfell']
malmö,vienna,london,"['40 rue de sèvres, paris 7e, france']"
stockholm,mattighofen,gurugram,"['west des moines, iowa']"
malmö,lenzing,1 apple park way,"['jamsil-dong', 'songpa-gu', 'seoul', 'south korea']"
stockholm,vienna,1 apple park way,"[""villeneuve d'ascq"", 'france']"
malmö,graz,1 apple park way,['kochi']
stockholm,graz,gaydon,['mumbai']
stockholm,vienna,beitou district,"['malad', 'maharashtra']"
stockholm,vienna,beitou district,"['mumbai', 'india']"
stockholm,schwechat,whitacre tower,"['mumbai', 'maharashtra', 'india']"
upplands väsby,vienna,whitacre tower,"['reykjavík', 'iceland']"
stockholm,floridsdorf,whitacre tower,"['hyderabad, telangana']"
insjön,vienna,registered office:,"['chennai', 'india']"
stockholm,vienna,paris,"['mumbai, maharashtra']"
stockholm,vienna,paris,"['mumbai', 'india']"
stockholm,vienna,maharashtra,"['chennai', 'tamil nadu', 'india']"
stockholm,vienna,london,"['mumbai', 'maharashtra']"
stockholm,salzburg,"houston, texas","['mumbai', 'maharashtra', 'india']"
stockholm,lauterach,"broomfield, colorado","['chennai', 'tamil nadu']"
malmö,vienna,"hamilton, bermuda","['mumbai, maharashtra']"
stockholm,breitenwang,"hamilton, bermuda",['india']
linköping,graz,"hamilton, bermuda","['chembur', 'mumbai', 'maharashtra']"
tumba,vienna,"minato-ku, tokyo",['oslo']
visby,fuschl am see,mumbai,"['koganei, tokyo']"
stockholm,vienna,ballsbridge,"['pasig', 'philippines']"
docksta,leonding,,['victoria island']
borlänge,gunskirchen,,"['ekaterinburg', 'russia']"
malmö,pasching,,['saint petersburg']
nacka,vienna,new york city,"['manila', 'philippines']"
stockholm,grödig,new york city,"['st. petersburg, russia']"
mölnlycke,sankt ulrich bei steyr,ludwigshafen,['moscow']
stockholm,sankt ulrich bei steyr,,"['moscow', 'russia']"
stockholm,floridsdorf,lausanne,['saint-petersburg']
gothenburg,vienna,columbus,"['cape town', 'south africa']"
malmö,klagenfurt,columbus,"['akademika korolyova str.', 'moscow', 'russia']"
borås,wattens,leverkusen,"['nonhyeon-dong', 'gangnam district', 'seoul', 'south korea']"
kista,vienna,leverkusen,['belgrade']
stockholm,vienna,istanbul,['moscow']
stockholm,vienna,istanbul,"['saint petersburg', 'russia']"
stockholm,graz,istanbul,"['nambusunhwan', 'gangnam']"
gothenburg,vienna,"richfield, minnesota","['istanbul', 'turkey']"
eskilstuna,vienna,nelson mandela road,"['london, england']"
stockholm,vienna,nelson mandela road,['broadcasting house']
lund,linz,nelson mandela road,"['london, united kingdom']"
habo,vienna,"burleigh heads, queensland",['shepperton']
stockholm,dornbirn,"burleigh heads, queensland","['brooklyn, new york']"
örnsköldsvik,zaventem,"burleigh heads, queensland","['bridgend', 'wales']"
uddevalla,ghent[7],"burleigh heads, queensland","['bangkok', 'thailand']"
stockholm,antwerp,"burleigh heads, queensland","['london', 'england']"
stockholm,liege,broadcasting house,['sheffield']
helsingborg,brussels,boulevard des italiens,['london']
växjö,brussels,"framingham, massachusetts","['new york city', 'united states']"
stockholm,mortsel,boeing building,"['greenwich, connecticut']"
falkenberg,brussels,boeing building,"['st margarets, london']"
gothenburg,hove,"birmingham, alabama",['united states']
hässleholm,ghent[8],"birmingham, alabama",['united states']
solna,leuven,"birmingham, alabama","['hollywood, california', 'united states']"
stockholm,antwerp,"birmingham, alabama","['hollywood, california']"
gothenburg,antwerp,"birmingham, alabama","['century city, california']"
stockholm,liège,london,['4000 warner blvd']
torsång,ronse,london,"['toronto', 'ontario', 'toronto', 'ontario', 'toronto', 'ontario']"
älvdalen,aalter,london,"['glendale, california']"
landskrona,brussels,london,"['723 seventh avenue, new york, ny']"
ellös,kortrijk,london,"['fort lee, new jersey']"
stockholm,brussels,london,"['united states', '(also owned studios and cinema chains throughout the uk, israel and europe)']"
gothenburg,wielsbeke,buckinghamshire,"['the bronx', 'new york city', 'new york']"
köping,brussels,ch??-ku,"['hollywood, california', 'united states']"
hestra,kortrijk,ch??-ku,"['century city, los angeles, california', 'united states']"
stockholm,leuven,ch??-ku,['united states']
halmstad,brussels,shibuya,"['new york city', 'new york', 'united states']"
höganäs,brussels,capital one tower,"['santa monica, california', 'santa monica, california']"
stockholm,brussels,minnetonka,"['santa monica', 'california', 'u.s.']"
mattighofen,brussels,sandweiler,"['philadelphia, pennsylvania', 'united states']"
stockholm,seraing,piarco,"['studio city', 'california']"
hudiksvall,louvain-la-neuve,copenhagen,['500 south buena vista street']
uppsala,turnhout,copenhagen,['letterman digital arts center']
stockholm,eeklo,"irving, texas","['medford, oregon', 'united states']"
linköping,zedelgem,toronto,"['beverly hills, california']"
malmö,brussels,hyderabad,"['melbourne', 'australia']"
uppsala,halle,santiago,"['los angeles, california']"
solna,antwerp,santiago,"['los angeles, california']"
stockholm,antwerp,beijing,['4000 warner blvd']
stockholm,brussels,beijing,"['los angeles, california']"
gothenburg,mechelen,london,"['bayonne, new jersey', 'hollywood, california']"
stockholm,hooglede,"fort lauderdale, florida","['london', 'united kingdom', 'los angeles', 'united states']"
stockholm,brussels,"san ramon, california","['edendale, california']"
malmö,zwijndrecht,"san ramon, california","['culver city, california', 'united states']"
stockholm,brussels,china resources headquarters,"['los angeles, california']"
stockholm,ghent,china resources headquarters,"['albany, georgia']"
stockholm,malle,shekou,['10202 west washington boulevard']
stockholm,brussels,shekou,"['chicago', 'los angeles']"
malung,malle,388390 greenwich st.,['century city']
jonsered,seraing,"shenzhen, china (general office) cayman islands (registered office) hong kong (second office)","['10202 west washington boulevard', 'culver city', 'california', 'u.s.']"
stockholm,liège,"shenzhen, china (general office) cayman islands (registered office) hong kong (second office)",['new york city']
stockholm,antwerp,"shenzhen, china (general office) cayman islands (registered office) hong kong (second office)",[]
malmö,brussels,"shenzhen, china (general office) cayman islands (registered office) hong kong (second office)","['los angeles', 'california', 'united states']"
ängelholm,wavre,park avenue,"['santa monica, california']"
stockholm,brussels,park avenue,"['new york, new york']"
kopparberg,brussels,park avenue,"['10202 west washington boulevard', 'culver city', 'california', 'u.s.']"
kosta,turnhout,park avenue,"['santa monica', 'california']"
halmstad,brussels,panama city,"['los angeles, california']"
järna,sint-niklaas,panama city,"['universal city, california']"
stockholm,leuven,panama city,"['beverly hills, california', 'west hollywood, california']"
stockholm,liège,panama city,['pico boulevard']
stockholm,ghent,panama city,"['minneapolis', 'united states']"
stockholm,aalst,"broomfield, colorado","['atlanta, georgia']"
stockholm,beerse,paradeplatz,['hudson street']
gothenburg,roeselare,cummins corporate office building,"['los angeles', 'california', 'united states']"
stockholm,antwerp,london,"['century city', 'los angeles', 'california', 'u.s.']"
luleå,brussels,hyderabad,[]
stockholm,brussels,"dallas, texas","['1384 broadway', 'new york', 'ny']"
stockholm,ghent,"dallas, texas","['burbank, california', 'united states']"
motala,ghent,"dallas, texas",['500 south buena vista street']
uppsala,meulebeke,kita-ku,['united states']
västerås,charleroi,kita-ku,"['los angeles', 'california', 'united states']"
stockholm,leuven,lagos,['4000 warner blvd.']
malmö,leuven,lagos,['500 south buena vista street']
gothenburg,beerse,boulevard haussmann,['walt disney studios']
solna,ostend,boulevard haussmann,[]
täby,brussels,boulevard haussmann,"['culver city, california']"
stockholm,brussels,villeneuve d'ascq,"['new york city', 'new york']"
stockholm,gerpinnes,villeneuve d'ascq,['10 universal city plaza']
gothenburg,balen,villeneuve d'ascq,"['santa monica, california', 'united states']"
vansbro,leuven,london,['utah']
uppsala,turnhout,"atlanta, georgia","['new york city', 'united states', 'toronto', 'canada']"
henån,brussels,deutsche bank twin towers,[]
kista,brussels,london,"['universal city, california']"
stockholm,liège,london,"['studio city, los angeles', 'california']"
solna,duffel,london,"['hollywood, california']"
gothenburg,brussels,"midland, michigan",['avenue of the americas']
stockholm,paal,"burnaby, british columbia",['austin studios']
stockholm,péruwelz,"burnaby, british columbia",['poverty row']
stockholm,leuven,"burnaby, british columbia","['scottsdale, arizona']"
stockholm,oostrozebeke,"ann arbor township, michigan","['los angeles, california']"
trollhättan,brussels,frisco,[]
stockholm,brussels,"wilmington, delaware","['los angeles', 'california', 'los angeles, california', 'u.s.']"
stockholm,brussels,"wilmington, delaware","['new york city, new york']"
stockholm,turnhout,st james power station,"['los angeles', 'california']"
gothenburg,tienen,san jose,"['new york city', 'new york', 'united states']"
torshälla,mechelen,san jose,['california']
stockholm,brussels,san jose,"['beverly hills, california', 'united states']"
stockholm,waregem,"ferguson, missouri","['edendale, los angeles']"
stockholm,zaventem,"ferguson, missouri","['albany, georgia']"
upplands väsby,mechelen,"ferguson, missouri","['irving, texas', 'irving, texas']"
upplands väsby,leuven,kista,"['santa monica boulevard', 'los angeles', 'studio city, los angeles, california']"
uppsala,brussels,general motors building,"['burbank', 'california', 'united states']"
stockholm,antwerp,general motors building,['united states']
orrefors,zaventem,luzhu,"['new york', 'new york']"
oskarshamn,brussels,luzhu,['500 south buena vista street']
stockholm,brussels,new york city,"['charlottesville', 'united states of america']"
malmö,brussels,new york city,"[', ', ', u.s.', ', u.s. (parent company)']"
stockholm,brussels,new york city,"['springdale, arkansas']"
förslöv,brussels,london,"['chatsworth, los angeles', 'california']"
stockholm,turnhout,london,[]
uppsala,koningshooikt,london,[]
stockholm,antwerp,london,"['sonoma county, california']"
älvsbyn,brussels,bangkok,[]
solna,gavere,"memphis, tennessee","['universal city, california', 'united states']"
solna,brussels,"memphis, tennessee","['miami', 'florida']"
stockholm,antwerp,"memphis, tennessee","['beverly hills, california', 'costa mesa, california']"
gothenburg,ghent,"memphis, tennessee",['united states']
stockholm,liège,"jacksonville, florida","['los angeles, california']"
stockholm,brussels,boston,"['beverly hills, california']"
stockholm,sofia,boston,"['nashville, tennessee']"
helsingborg,sofia,boston,['united states']
haninge,sofia,richardson,[]
gothenburg,kazanlak,richardson,"['new york city', 'new york']"
linköping,panagyurishte,cau giay,"['universal city, california', 'universal city, california', 'united states']"
helsingborg,pazardzhik,tokyo midtown,"['10202 west washington boulevard', 'culver city, california', 'usa']"
trollhättan,sofia,tokyo midtown,"['santa monica, california']"
stockholm,sofia,tokyo midtown,"['los angeles', 'california']"
stockholm,sofia,"mumbai, maharashtra","['brentwood, los angeles', 'california']"
stockholm,sofia,"mumbai, maharashtra","['beverly hills, california']"
solna,sofia,"mumbai, maharashtra","['los angeles, california']"
stockholm,sofia,"olathe, kansas","['santa monica', 'california', 'united states']"
lund,sofia,"olathe, kansas",['10202 west washington boulevard']
stockholm,sofia,"olathe, kansas","['berwyn, pennsylvania', 'u.s.']"
södertälje,sofia,"olathe, kansas",[]
malmö,sofia,boston,"['los angeles', 'california', 'new york city, new york']"
stockholm,sofia,boston,"['van nuys, ca', 'santa monica, ca']"
lidköping,sofia,boston,"['san francisco', 'california', 'united states']"
stockholm,sofia,renaissance center,['universal city']
malmö,sofia,renaissance center,"['universal city, california', 'u.s.']"
gothenburg,sofia,porto alegre,"['10202 west washington boulevard', 'culver city, california']"
stockholm,sofia,porto alegre,"['dallas', 'texas']"
gothenburg,sofia,porto alegre,"['los angeles', 'california', 'u.s.']"
stockholm,sofia,chiyoda,"['los angeles', 'california']"
malmö,sofia,chiyoda,[]
stockholm,sofia,chiyoda,['london']
stockholm,sofia,london,"['london', 'glendale, california']"
gothenburg,pirdop,binjiang district,"['los angeles', 'california', 'u.s.']"
stockholm,sofia,binjiang district,"['borehamwood', 'hertfordshire']"
skellefteå,sofia,1600 amphitheatre parkway,['london']
gothenburg,sofia,"tempe, arizona","['london', 'england', 'united kingdom']"
gothenburg,sofia[1],"tempe, arizona",[]
gothenburg,sofia,"milwaukee, wisconsin, u.s.","['london', 'united kingdom']"
växjö,sofia,rue du faubourg saint-honoré,['england']
gothenburg,sofia,rue du faubourg saint-honoré,['colchester']
stockholm,sofia,brompton road,['united kingdom']
stockholm,sofia,brompton road,"['bangkok', 'thailand']"
stockholm,ruse,davie,"['stockholm', 'sweden']"
stockholm,sofia,"houston, texas","['kyiv', 'ukraine']"
stockholm,sofia,bundang-gu,"['bangkok', 'thailand']"
gothenburg,sofia,bundang-gu,"['bangkok', 'thailand']"
gothenburg,sofia,bundang-gu,['bangkok']
eskilstuna,plovdiv,bundang-gu,"['bangkok', 'thailand']"
stockholm,shumen,bundang-gu,"['gangnam-gu', 'seoul', 'south korea', 'nonhyeon-dong', 'gangnam-gu', 'seoul', 'south korea']"
stockholm,sofia,hearst tower,['seoul']
nyköping,sofia,düsseldorf,['mapo-gu']
stockholm,sofia,düsseldorf,['stockholm']
stockholm,sofia,schaan,"['seoul', 'south korea']"
stockholm,plovdiv,"tosu, saga",['maracaibo']
stockholm,sofia,"tosu, saga","['seoul, korea']"
stockholm,sofia,"tosu, saga",[]
stockholm,varna,"charlotte, north carolina, u.s.","['seoul', 'south korea']"
solna,burgas,"charlotte, north carolina, u.s.","['cape town, south africa']"
gothenburg,sofia,8 canada square,['lima']
stockholm,sofia,8 canada square,"['jongno district', 'seoul', 'south korea']"
stockholm,sofia,8 canada square,"['songpa district', 'seoul', 'south korea']"
malmö,sofia,8 canada square,"['asuncion', 'paraguay']"
stockholm,sofia,"columbus, ohio","['quito', 'ecuador']"
malmö,sofia,"columbus, ohio","['bogotá', 'colombia']"
stockholm,blagoevgrad,"the woodlands, texas, u.s.","['krasnogorsk', 'moscow oblast', 'russia']"
stockholm,ruse,shenzhen,"['moscow, (russian hq)']"
lund,sofia,espoo,"['santiago', 'chile']"
lund,sofia,espoo,['st. petersburg']
hillerstorp,sofia,espoo,"['moscow, russia (russian hq)', 'new york, us (international hq)']"
stockholm,sofia[4],espoo,"['moscow, russia']"
stockholm,sofia,espoo,"['la paz', 'bolivia']"
trelleborg,sofia,espoo,"['buenos aires', 'argentina']"
stockholm,sofia,"austin, texas","['buenos aires', 'argentina']"
stockholm,sofia,"austin, texas",[]
stockholm,sofia,,['rio de janeiro']
hagfors,sofia,"glenview, illinois",['port morseby']
umeå,varna,"glenview, illinois","['moscow', 'russia']"
stockholm,svilengrad,amsterdam,"['saint petersburg', 'russia']"
stockholm,sofia,amsterdam,"['miami', 'florida', 'united states']"
södertälje,karlovo,amsterdam,"['moscow', 'russia']"
stockholm,rijeka,grattacielo intesa sanpaolo,"['\n', '\n']"
alvesta,zagreb,grattacielo intesa sanpaolo,"['saint petersburg', 'russia']"
gothenburg,zagreb,"fairfield, california","['melbourne', 'victoria, australia']"
gothenburg,omišalj,"fairfield, california","['wellington', 'wellington', 'new zealand', 'wellington', 'new zealand']"
gothenburg,opatija,"fairfield, california",['perth']
skövde,rovinj,jardine house,"['flinders street, adelaide', 'south australia']"
gothenburg,zagreb,robinsons equitable tower,"['barangaroo', 'sydney', 'new south wales']"
huskvarna,zagreb,robinsons equitable tower,"['perth, australia']"
stockholm,zagreb,"new brunswick, new jersey","['spring', 'texas', 'united states']"
skellefteå,dubrovnik,ortigas center,"['\n', '\n']"
stockholm,zagreb,383 madison avenue,['houston']
stockholm,zagreb,383 madison avenue,"['san antonio', 'texas', 'united states']"
malmö,split,383 madison avenue,['lodz']
stockholm,zagreb,brussels,"['abs-cbn broadcasting center', 'abs-cbn broadcasting center', 'diliman', 'quezon city', 'philippines']"
stockholm,split,ch??,"['pasig', 'philippines']"
barcelona,čakovec,ch??,"['granada street', 'new manila', 'quezon city', 'philippines']"
seville,koprivnica,ch??,"['spring, texas']"
barcelona,zagreb,ch??,['denver']
alcobendas,zagreb,ch??,"['houston', 'texas', 'united states']"
madrid,zagreb,irving,"[' ', 'sandridge center', 'oklahoma city', ', ', 'oklahoma', 'united states']"
madrid,zagreb,irving,"['quezon city, metro manila']"
madrid,zagreb,irving,"['quezon city', 'philippines']"
barcelona,zagreb,irving,['norway']
barcelona,zagreb,tokyo,"['fort worth, texas']"
madrid,zagreb,tokyo,"['gma network center', 'edsa', 'timog avenue', 'quezon city', 'philippines']"
fene,zagreb,inagi,"['oslo', 'norway']"
san sebastián de los reyes,zagreb,seoul,"['irving, texas']"
zaragoza,zagreb,,"['denver, colorado']"
bilbao,zagreb,,"['houston, texas']"
madrid,buje,,"['houston, texas', 'united states']"
sabadell,zagreb,"fremont, california","['marathon oil tower', 'houston']"
santander,slavonski brod,paris,"['tulsa, oklahoma']"
madrid,zagreb,ballard estate,"['wichita, kansas']"
madrid,split,santiago,['wellington']
vic,zagreb,santiago,"['southlake, texas']"
madrid,zagreb,san francisco,[]
alcobendas,zagreb,san francisco,"['bukit jalil', 'kuala lumpur', 'malaysia']"
barcelona,zagreb,san francisco,['malaysia']
madrid,zagreb,"hong kong, china[1] (registered office) beijing, china[2][3] (operational headquarters) lorong chuan, singapore[4] (operational centre) morrisville, north carolina, united states[5] (operational headquarters)","['ginza', 'chūō, tokyo']"
moià,zagreb,"hong kong, china[1] (registered office) beijing, china[2][3] (operational headquarters) lorong chuan, singapore[4] (operational centre) morrisville, north carolina, united states[5] (operational headquarters)","['new york city', 'new york']"
barcelona,zagreb,rome,"['yūrakuchō', 'chiyoda']"
bilbao,zagreb,nuremberg,"['midland, texas']"
madrid,zagreb,lexington,"['eqt plaza', 'pittsburgh, pennsylvania']"
madrid,zagreb,yeouido-dong,"['heritage plaza', 'houston']"
madrid,zagreb,dublin,"['devon energy center', 'oklahoma city']"
madrid,ozalj,dublin,['oklahoma city']
beasain,zagreb,"waltham, massachusetts","['houston, texas']"
barcelona,zagreb,"waltham, massachusetts","['plano, texas']"
madrid,vodnjan,"bethesda, maryland","['houston energy corridor', 'houston, texas']"
madrid,zagreb,"bethesda, maryland",['tsukiji']
martorell,zagreb,songpa district,['japan']
cádiz,zagreb,songpa district,[]
córdoba,zagreb,cologne,"['1-8-19 fujimi, chiyoda-ku, tokyo 102-8078']"
las rozas,zagreb,cologne,"['houston, texas']"
madrid,rijeka,cologne,['arakawa-ku']
barcelona,zagreb,miaoli county,"['santa maria', 'california', 'u.s.']"
madrid,zagreb,miaoli county,"['shinjuku, tokyo']"
madrid,karlovac,miaoli county,"['rome, italy']"
madrid,osijek,miaoli county,"['los angeles', 'houston', 'united states']"
elorrio,bjelovar,miaoli county,"['oklahoma city, oklahoma', ', u.s.']"
derio,zagreb,mumbai,"['los angeles, california']"
mondragón,split,,"['dallas, tx']"
madrid,zagreb,,"['post oak central', 'houston, texas']"
barcelona,kraljevica,,"['denver, colorado']"
madrid,zagreb,,"['pointe-a-pierre', 'trinidad and tobago']"
barcelona,zagreb,,['mexico city']
zamudio,ploče,copenhagen,['tegucigalpa']
madrid,zagreb,san juan,"['calgary, alberta', 'canada']"
tres cantos,zagreb,"ayer keroh, malacca",['havana']
málaga,zagreb,,"['calgary', 'alberta']"
barcelona,zagreb,yuanlin,"['vancouver', 'canada']"
burgos,kutina,yuanlin,"['fort mcmurray', 'alberta']"
carballo,gospić,yuanlin,['mumbai']
murcia,zagreb,yuanlin,"['mumbai', 'india']"
granada,zagreb,yuanlin,"['mumbai', 'india']"
madrid,split,yuanlin,"['chennai', 'tamil nadu', 'india']"
a coruña,koprivnica,yuanlin,"['mumbai', 'india']"
madrid,rijeka,yuanlin,"['mumbai', 'maharashtra', 'india']"
bilbao,zagreb,yuanlin,"['mumbai', 'maharashtra', 'india']"
madrid,sveta nedelja,"menlo park, california","['mumbai', 'india']"
barcelona,zagreb,irving,"['hyderabad', 'telangana']"
arteixo,zagreb,irving,"['calgary', 'alberta']"
madrid,zagreb,zhonghe,"['noida', 'india']"
madrid,split,zhonghe,"['calgary', 'canada', 'oslo', 'norway']"
ormaiztegi,zagreb,one microsoft way,"['kolkata', 'west bengal']"
portillo de toledo,zagreb,suminoe,"[""st. john's, newfoundland and labrador"", 'canada']"
elche,zagreb,suminoe,"['calgary', 'alberta', 'canada']"
valencia,zagreb,suminoe,['calgary']
madrid,zagreb,global village tech park,"['saint john, new brunswick']"
zaragoza,zagreb,tokyo building,"['calgary', 'alberta']"
tavernes blanques,pula,tokyo building,['headquarters in calgary; oil and gas wells throughout western canada']
murcia,zagreb,tokyo building,"['calgary, alberta', 'canada']"
madrid,zagreb,tokyo building,"['chennai', 'tamil nadu']"
palma,rijeka,tokyo building,"['toronto', 'ontario']"
palau-solità i plegamans,varaždin,hsinchu,"['calgary, alberta', 'canada']"
majadahonda,virovitica,hsinchu,"['calgary', 'alberta']"
barcelona,zagreb,"minato, tokyo",['calgary']
madrid,zagreb,30 rockefeller plaza,"['calgary', 'alberta']"
palma,zagreb,"boston, massachusetts",['chennai']
tavernes blanques,zagreb,"boston, massachusetts",['kolkata']
mondragón,zagreb,vevey,"['mumbai', 'maharashtra', 'india']"
madrid,nicosia,vevey,"['mumbai, maharastra']"
vitoria-gasteiz,larnaca,vevey,"['calgary, alberta']"
valencia,limassol,"beaverton, oregon",['calgary']
madrid,nicosia[8],"beaverton, oregon","['calgary', 'alberta']"
madrid,larnaca,"minato, tokyo","['london, united kingdom']"
bueu,nicosia,"minami-ku, kyoto",['london']
madrid,nicosia,"minami-ku, kyoto",['mumbai']
mallabia,nicosia,"minami-ku, kyoto","['gurgaon', 'india']"
ibiza,limassol,oslo,"['jubilee hills', 'hyderabad']"
redondela,nicosia,,"['mumbai, maharashtra', 'india']"
barcelona,limassol,bagsværd,"['mumbai', 'india']"
villarreal,limassol,bagsværd,"['chennai', 'india']"
tres cantos,nicosia,bagsværd,"['chennai', 'india']"
barcelona,limassol,bagsværd,['chennai']
madrid,nicosia,dhaka,"['london', 'uk']"
alcobendas,larnaca,,['aberdeen']
alcobendas,nicosia,,['windsor']
madrid,nicosia,issy-les-moulineaux,"['edinburgh', 'scotland', 'uk']"
madrid,nicosia,dublin,"['kyiv', 'ukraine']"
madrid,paphos,dublin,"['stockholm, sweden']"
majorca,nicosia,"kadoma, osaka","['madrid', 'spain']"
madrid,nicosia,oak brook,"['madrid', 'spain']"
linares,limassol,one astor plaza,"['novi sad', 'serbia']"
martorell,nicosia,one astor plaza,"['almetyevsk', 'russia']"
getxo,nicosia,herzogenaurach,['surgut']
getxo,nicosia,tokyo,['yuzhno-sakhalinsk']
las rozas de madrid,nicosia,"harrison, new york","['moscow', 'russia']"
madrid,nicosia,"st. louis, missouri","['moscow', 'russia']"
madrid,nicosia,petronas towers,"['madras', 'hollywood']"
madrid,nicosia,petronas towers,"['mumbai', 'maharashtra', 'india']"
madrid,nicosia,random house tower,"['mumbai', 'maharashtra', 'india']"
madrid,nicosia,random house tower,"['mumbai', 'india']"
molina de segura,limassol,new york city,"['bangalore', 'india']"
málaga,nicosia,amsterdam,"['kolkata', 'west bengal', 'india']"
madrid,nicosia,amsterdam,"['mumbai', 'maharashtra']"
barcelona,peristerona,amsterdam,"['chennai', 'tamil nadu', 'india']"
arteixo,nicosia,bunky?,"['mumbai', 'india']"
madrid,limassol,bunky?,"['mumbai', 'maharashtra', 'india']"
ljubljana,nicosia,bunky?,"['ahmedabad', 'gujarat']"
zgornji brnik,nicosia,bunky?,['tarko-sale']
novo mesto,nicosia,london,"['geneva', 'switzerland']"
ivančna gorica,nicosia,london,['moscow']
žiri,limassol,"dallas, texas","['ufa', 'russia']"
kamnik,guernsey,"dallas, texas",['moscow']
maribor,nicosia,"dallas, texas","['warsaw', 'poland']"
ljubljana,nicosia,,[]
begunje na gorenjskem,limassol,,"['petromcity', 'bucharest', 'romania']"
kranj,limassol,,['lisbon']
velenje,limassol,london,"['płock', 'poland']"
kranj,larnaca,london,"['bergen', 'norway']"
koper,nicosia,"mascot, new south wales",['gdańsk']
novo mesto,paphos,"mascot, new south wales","['vadapalani, chennai']"
ljubljana,nicosia,"mascot, new south wales","['mumbai', 'india']"
ljubljana,limassol,rabotoren,"['hyderabad', 'madras']"
ljubljana,nicosia,rabotoren,"['mumbai', 'maharashtra', 'india']"
ljubljana,nicosia,slough,"['oslo', 'norway']"
ljubljana,paphos,slough,"['oslo', 'norway']"
koper,nicosia,slough,"['stavanger', 'norway']"
maribor,nicosia,,"['mumbai', 'india']"
ljubljana,nicosia,,"['oslo', 'norway']"
ljubljana,pafos,,"['oslo', 'norway']"
ljubljana,paphos,repsol campus,['fornebu']
koper,paphos,"ota, tokyo","['reykjavík', 'iceland']"
ljubljana,larnaca,gerlingen,"['athens, greece']"
ljubljana,nicosia,gerlingen,"['berlin, germany', 'paris, france']"
bratislava,limassol,munich,"['babelsberg', 'potsdam', 'brandenburg']"
detva,nicosia,montreal,['germany']
bratislava,limassol,shell centre,['chişinău']
prešov,nicosia,worli,"['milan ', 'italy']"
bratislava,nicosia,moscow,"['genoa', 'italy']"
medzilaborce,nicosia,pyeongtaek,"['milan', 'italy']"
bratislava,strovolos,stockholm,"['rome', 'italy']"
bratislava,nicosia,stockholm,"['dublin', 'republic of ireland', 'mallusk', 'county antrim', 'northern ireland']"
bratislava,nicosia,samsung digital city,['budapest']
čadca,nicosia,luxembourg city,"['athens', 'greece']"
bratislava,ayia napa,luxembourg city,['east berlin']
púchov,larnaca,san miguel avenue,['munich']
istebné,nicosia,san miguel avenue,"['grünwald', 'munich']"
bratislava,nicosia,stockholm,"['paris', 'france']"
bratislava,nicosia,stockholm,['france\xa0']
bratislava,nicosia,paris,['neuilly-sur-seine']
veľký šariš,nicosia,dhahran,"['paris', 'france']"
bratislava,nicosia,dhahran,"['paris', 'france']"
bratislava,odolena voda,dhahran,"['kassel', 'hamburg']"
žiar nad hronom,prague,sas frösundavik office building,['cannes']
bratislava,prague,"bangalore, karnataka","['london', 'paris']"
banská bystrica,prague,"bangalore, karnataka","['la défense', 'france']"
bratislava,prague,,"['espoo', 'finland']"
bratislava,české budějovice,heroldsberg,"['tórshavn', 'faroe islands']"
bratislava,české budějovice,rueil-malmaison,"['fredericia', 'denmark']"
bratislava,prague,rueil-malmaison,"['hodonín', 'czech republic']"
bratislava,prague,rueil-malmaison,"['zagreb', 'croatia']"
bratislava,uherský brod[18],"toronto, ontario, canada[1]","['springfield, missouri']"
bratislava,prague,scholastic building,"['eau claire', 'wisconsin']"
veľký šariš,prague[19],ginza,"['columbus', 'ohio']"
bratislava,prague,ginza,"['laval', 'quebec']"
košice,prague,wedemark,"['helsinki', 'finland']"
trebišov,prague,"boulder, colorado","['santiago', 'chile']"
bratislava,prague,"225 king street w., suite 200","['dublin, california']"
hurbanovo,prague,"225 king street w., suite 200",['london']
bucharest,prague,"fremont, california","['vienna, austria']"
buftea,prague,tokyo,"['valby', 'copenhagen', 'denmark']"
iași,studenec,tokyo,"['copenhagen', 'denmark']"
alba iulia,brno,sydney,"['prague', 'czech republic']"
găești,jablonec nad nisou,cherepovets,"['sofia', 'bulgaria']"
mioveni,karlovy vary,cherepovets,"['vienna', 'austria']"
bucharest,velešín,geneva,"['hvidovre', 'denmark']"
cluj-napoca,brno,shenzhen bao'an international airport,['denmark']
bucharest,nový hrádek,shenzhen bao'an international airport,['london']
bucharest,prague,shenzhen bao'an international airport,"['vung tau', 'vietnam']"
bucharest,ostrava,munich,"['tashkent', 'uzbekistan']"
bucharest,prague,munich,"['dubai', 'uae']"
bacău,prague,munich,['abu dhabi']
ștei,jablonec nad nisou,munich,"['montreal', 'quebec']"
cluj-napoca,prague,chaoyang district,"['casalecchio di reno', 'italy']"
craiova,přerov,chaoyang district,['hanoi']
bucharest,prague[21],chaoyang district,"['montreal', 'quebec', 'canada']"
bucharest,karlovy vary,seocho-dong,['seoul']
bucharest,prague,mall of asia complex,['tenom']
cluj-napoca,ostrava,boulevard haussmann,"['beijing', 'hong kong', 'china']"
mangalia,hradec králové,beijing,"['beijing', 'china']"
bucharest,plzeň,seoul,"['shanghai', 'china']"
bucharest,jablonec nad nisou,"park city, utah","['tsuen wan', 'hong kong']"
bucharest,nové město na moravě,"park city, utah",['zagreb']
cluj-napoca,brno,plze?,"['hong kong', 'macau']"
bucharest,krušovice,bolechowo,"['hong kong', 'hong kong']"
bucharest,nové sedlo,"minato, tokyo","['shanghai', 'china']"
năvodari,plzeň,"minato-ku, tokyo","['shanghai', 'china']"
bucharest,plzeň,"dallas, texas","['chatuchak', 'bangkok']"
bucharest,prague,shinjuku,"['istanbul', 'turkey']"
bucharest,brno,shinjuku,"['ankara', 'turkey']"
bucharest,prague,london,"['shanghai', 'china']"
brașov,kopřivnice,london,"['daegu', 'south korea']"
brașov,prague,nariman point,['bangkok']
bucharest,kolín,"pleasanton, california","['ulsan, south korea']"
bucharest,třinec,"pleasanton, california","['colombo 9', 'sri lanka']"
bucharest,prague,"pleasanton, california",['singapore']
bucharest,české budějovice,"pleasanton, california","['doha', 'qatar']"
bucharest,prague,"pleasanton, california",['taguig']
bucharest,prague,wattens,"[', ', ', ', ', ', ' ', 'smc head office complex, 40 san miguel avenue, ', ' 1550, ', ' ']"
otopeni,brno,wattens,"['kaohsiung city', 'taiwan']"
iaşi,prague,wattens,"['westminster', 'london']"
bucharest,virum,wattens,['amsterdam']
cluj-napoca,hørsholm,wattens,"['copley place', 'boston', 'massachusetts']"
bucharest,copenhagen,10 hudson yards,"['takasaki', 'gunma']"
cluj-napoca,copenhagen,,['islamabad']
cluj-napoca,copenhagen,mumbai,[]
bucharest,aarhus,mumbai,"['west chester, pennsylvania', ', u.s.', '[1]']"
bucharest,viby j,london,"['phoenix, arizona']"
bucharest,copenhagen,london,"['marlborough, ma']"
bucharest,struer,mumbai,['london']
bucharest,brande,mumbai,"['menomonee falls', 'wisconsin']"
bucharest,copenhagen,mumbai,"['philadelphia, pennsylvania', 'united states']"
porto,herning,pune,"['quezon city', 'metro manila', 'philippines']"
porto,gentofte,pune,['ho chi minh city']
porto,aarhus,pune,"['los angeles', 'california']"
trofa,copenhagen,vancouver,"['warren, ohio']"
lisbon,aalborg,tencent binhai mansion,['hamburg']
lisbon,hørsholm,tencent binhai mansion,"['petah tikva', 'israel']"
vila franca de xira,copenhagen,tencent binhai mansion,"['toronto, ontario']"
oeiras,fredensborg,tencent binhai mansion,['pierrefonds']
porto,copenhagen,welwyn garden city,"['birmingham', 'alabama']"
coimbra,copenhagen,13101 tesla road,['san francisco']
lisbon,frederikssund,,"['beijing', 'china', 'hong kong']"
anadia,gentofte,telstra corporate centre,"['seattle, washington', 'united states']"
porto,kongens lyngby,telstra corporate centre,"['middle road', 'tsim sha tsui', 'kowloon']"
lisbon,nyborg,"providence, rhode island, us",['hong kong']
matosinhos,hellerup,"providence, rhode island, us","['xuhui district', 'shanghai']"
matosinhos,copenhagen,"providence, rhode island, us","['shanghai', 'china']"
santa maria da feira,nordborg,"providence, rhode island, us","['causeway bay', 'hong kong', 'china']"
coimbra,copenhagen,new taipei city,"['cheung sha wan road', 'kwai chung', 'kowloon']"
lisbon,karise,new taipei city,['beijing']
campo maior,randers,amsterdam,['islamabad']
matosinhos,højbjerg,"katsushika, tokyo",['beijing']
lisbon,copenhagen,tour total,['rawalpindi']
lisbon,skive,tour total,"['karachi', 'pakistan']"
lisbon,copenhagen,"north sydney, new south wales","['athens', 'greece']"
lisbon,copenhagen,"nihonbashi, ch??, tokyo","['muscat', 'oman']"
lisbon,roskilde,"nihonbashi, ch??, tokyo","['astana', 'kazakhstan']"
marinha grande,copenhagen,"nihonbashi, ch??, tokyo","['petronas towers', 'kuala lumpur city centre']"
oeiras,hedehusene,"irving, texas","['akasaka biz tower', 'akasaka', 'minato-ku', 'tokyo']"
lisbon,copenhagen,"irving, texas","['tokyo, japan']"
porto,bredebro,"irving, texas","['tel aviv', 'israel']"
cascais,copenhagen,"irving, texas",['stockholm']
oliveira de frades,copenhagen,"san francisco, california","['petah tikva', 'israel', 'houston', 'united states']"
oeiras,copenhagen,istanbul,['seoul']
lisbon,copenhagen,hsinchu science park,"['yamaguchi, yamaguchi']"
lisbon,hillerød,hsinchu science park,"['tokyo', 'japan']"
lisbon,middelfart,london,['russia']
porto,ballerup,london,"['walker, michigan']"
cascais,bjerringbro,london,['hong kong']
lisbon,ry,willis tower,"['stellarton', 'nova scotia']"
lisbon,copenhagen,willis tower,"['lisbon', 'portugal']"
lisbon,lyngby-taarbæk,gothenburg,"['perth', 'western australia']"
lisbon,copenhagen,gothenburg,['bradford']
porto,copenhagen,manisa,['helsinki']
lisbon,aarhus,manisa,['ipoh']
lisbon,copenhagen,"jersey city, new jersey","['malden', 'massachusetts']"
lisbon,copenhagen,"columbus, ohio","['arch 3, discovery estate', "" st james's road, bermondsey, london""]"
lisbon,copenhagen,denver,"['turnhout, belgium']"
torres novas,copenhagen,hanoi,"['larissa', 'greece']"
lisbon,odense,hanoi,"['minden', 'north rhine-westphalia', 'germany']"
lisbon,aarhus,hanoi,"['bologna', 'italy']"
oliveira de azeméis,silkeborg,hanoi,"['jakarta', 'indonesia']"
porto,copenhagen,hanoi,"['beijing', 'china', 'shanghai', 'china', 'shenzhen', 'china', 'hong kong', 'macau', 'taipei', 'taiwan', 'malaysia', 'singapore']"
lisbon,copenhagen,geneva,['china']
maia,copenhagen,geneva,[]
maia,copenhagen,geneva,"['glasgow', 'scotland']"
oeiras,lunderskov,ho chi minh city,['hong kong']
oeiras,copenhagen,"newbury, berkshire, england, uk","['shanghai', 'china']"
lisbon,copenhagen,heidenheim an der brenz,"['kowloon tong', 'hong kong', 'china']"
lisbon,copenhagen,heidenheim an der brenz,"['beverly hills, ca']"
oeiras,copenhagen,heidenheim an der brenz,"['beijing', 'china']"
setúbal,aarhus,heidenheim an der brenz,['netanya']
lisbon,allerød,heidenheim an der brenz,[]
lisbon,copenhagen,team disney building,"['beijing', 'china']"
lisbon,copenhagen,team disney building,"['shanghai', 'china']"
matosinhos,gladsaxe,team disney building,[]
lisbon,copenhagen,team disney building,"['gambir', 'central jakarta']"
viseu,copenhagen,"addison, texas","['jakarta', 'indonesia']"
ílhavo,gladsaxe,sarjapur road,"['asf center tower a, 62-363, jwala mill road, phase iv, udyog vihar, sector 18, gurugram, haryana, 122016, india']"
warsaw,copenhagen,aschheim,"['tehran', 'iran']"
turek,copenhagen,haidian district,"['bandra', 'mumbai', 'maharashtra']"
warsaw,copenhagen,haidian district,"[', india (headquarters)', ', ', ', india (registered office)']"
wronki,copenhagen,haidian district,['gandhinagar']
rzeszów,fredericia,"hohhot, inner mongolia",[]
warsaw,copenhagen,"hamamatsu, shizuoka","['rungis', 'france']"
warsaw,vejle,moscow,"['mumbai', 'maharashtra']"
bełchatów,holbæk,moscow,"['dehradun', 'uttarakhand']"
kostrzyn,copenhagen,moscow,"['zürich', 'switzerland']"
bochnia,copenhagen,moscow,"['burnaby, british columbia']"
lublin voivodeship,copenhagen,moscow,"['basel', 'switzerland']"
kraków,copenhagen,"pune, india",['moscow']
łomża,roskilde,"pune, india","['tavernes blanques', 'valencian community']"
warsaw,copenhagen,,"['\n', '\n']"
warsaw,faxe,bradford,"['hawthorn east', 'victoria']"
kraków,copenhagen,hsinchu science park,['san antonio']
elbląg,copenhagen,,"['framingham, massachusetts', ', u.s.']"
warsaw,copenhagen,,"['bologna', 'italy']"
poznań,copenhagen,,"['hannover, germany']"
łódź,copenhagen,,['taiwan']
chrzanów,copenhagen,,"['turin, italy']"
bielsko-biała,vallensbæk,,"['holon', 'israel']"
warszawa,copenhagen,,"['philadelphia, pennsylvania', 'united states']"
kraśnik,århus,,"['chicago, illinois', 'united states']"
katowice,copenhagen,,"['burlington, massachusetts', ', u.s.']"
gaworzyce,lystrup,,"['vienna', 'austria']"
warsaw,billund,,"['bogotá', 'colombia']"
polkowice,copenhagen,,"['orrville, ohio']"
tarnów,fredericia,,"['indianapolis, indiana']"
gdańsk,middelfart,,"['findlay', 'ohio', 'united states']"
gubin,hørsholm,,['shanghai']
ruda śląska,aarhus,,"['athens, ga', 'usa']"
warsaw,allerød,,"['mumbai, maharashtra']"
katowice,lynge,,"['hyderabad', 'telangana']"
warsaw,ledøje-smørum,,"['hyderabad', 'telangana', 'india']"
warsaw,hvidovre,,['mumbai']
jastrzębie-zdrój,tartu,,"['canonsburg, pennsylvania']"
lubin,tallinn,,['mexico city']
warsaw,tallinn,,"['atlanta, georgia']"
kłodawa,tallinn,,"['yeonsu-gu', 'incheon', 'south korea']"
poznań,tallinn,,"['southborough, massachusetts']"
katowice,tallinn,,"['greenfield, indiana']"
poznań,tallinn,,"['lianyungang, jiangsu']"
wrocław,tallinn,,"['são paulo', 'são paulo', 'brazil']"
warsaw,tallinn,,"['uberlândia', 'brazil']"
gdańsk,tallinn,,"['blue bell, pennsylvania']"
wadowice,tallinn,,"['orange county, california', 'usa']"
warsaw,tallinn,,"['vancouver', 'canada']"
warsaw,tallinn,,"['reston', 'fairfax', 'virginia']"
brzesko,tallinn,,"['monterrey', 'nuevo león', 'mexico']"
warsaw,tallinn,,"['armonk, new york']"
warsaw,jõhvi,,"['new york city, new york']"
bydgoszcz,jõhvi,,['new york city']
warsaw,tallinn,,"['new york city, new york', ', u.s.']"
płock,tartu,,"[', u.s.']"
warsaw,tallinn,,"['denver, colorado']"
warsaw,tallinn,,['beijing']
warsaw,tartu,,"['zhejiang', 'china', 'shanghai', 'china', 'hong kong']"
warsaw,tallinn[10],,"['changchun', 'jilin']"
warsaw,lehmja,,"['north point, hong kong']"
warsaw,tallinn,,"['toronto', 'ontario']"
warsaw,tallinn,,"['xicheng district, beijing']"
szczecin,auvere,,"[""xi'an"", 'shaanxi', 'china']"
warsaw,tallinn,,[]
warsaw,tartu[11],,['hong kong']
narew,tallinn,,"['bondoufle', 'france']"
białystok,tallinn,,"['trieste', 'italy']"
warsaw,tartu,,"['vancouver', 'british columbia']"
konstancin-jeziorna,roodevälja,,['london']
pudliszki,kuressaare,,"['castle hill, new south wales']"
warsaw,saku,,"['zagreb', 'croatia']"
warszawa,tallinn,,"['west bridgewater', 'massachusetts', 'united states']"
bolechowo,tallinn,,[]
bydgoszcz,tallinn,,"['philadelphia', 'pennsylvania', 'united states']"
warsaw,tallinn,,"['grants pass, oregon']"
warsaw,tallinn,,"['dubai', 'united arab emirates']"
warsaw,tallinn,,"['beijing', 'china', 'markham', 'ontario', 'canada']"
warsaw,tallinn,,"['beijing', 'china']"
warsaw,tallinn,,[]
tymbark,tartu,,"['bahnhofstrasse', 'zürich']"
rakszawa,tallinn,,"['willis tower', 'chicago']"
wieliczka,tallinn,,['beijing']
poznań,tallinn,,['beijing']
tarnów,tallinn,,"['pleasanton, california', ', u.s.']"
utrecht,tallinn,,"['dublin, ohio']"
utrecht,kohtla-järve,,['tokyo']
amsterdam,narva,,"['stuttgart', 'germany']"
amsterdam,tartu,,"['san ramon, california']"
heerenveen,helsinki,,"['wilmington, delaware']"
the hague,helsinki,,"['\n', '\n']"
zaandam,helsinki,,"['cambridge, massachusetts', ', u.s.']"
amsterdam,helsinki,,"['4-6-10 koishikawa, bunkyo-ku, tokyo 112-8088, japan']"
zoeterwoude,helsinki,,['london']
the hague,helsinki,,['mainz']
amsterdam,mariehamn,,"['beijing', 'cambridge, massachusetts', 'basel']"
amsterdam,espoo,,"['san rafael, california']"
veldhoven,oulu,,"['copenhagen', 'denmark']"
the hague,helsinki,,"['ashburn, virginia']"
amsterdam,oulu,,"['florham park, new jersey']"
veenendaal,helsinki,,"['teaneck, new jersey']"
veendam,helsinki,,"['mclean, virginia']"
lieshout,espoo,,"['seattle', 'washington', 'u.s.']"
uden,helsinki,,"['frankfurt', 'germany']"
utrecht,helsinki,,"['montreal, quebec']"
amsterdam,helsinki,,"['paris', 'france']"
amsterdam,vantaa,,[]
amsterdam,helsinki,,"['alcobendas', 'madrid', 'spain']"
amsterdam,helsinki,,"['london, england']"
lijnden,espoo,,"['bozeman, montana']"
eindhoven,helsinki,,['london']
gorinchem,helsinki,,"[', england', '(legal)', ', netherlands', '(functional)']"
breda,turku,,"['belmont, california']"
lelystad,turku,,"['austin, texas']"
utrecht,helsinki,,"['oklahoma city, ok']"
heerlen,espoo,,"['espoo', 'finland']"
amsterdam,helsinki,,"['pleasanton, california']"
amsterdam,lahti,,"[', u.s.']"
amsterdam,helsinki,,"['rincon center', 'san francisco, california']"
delft,helsinki,,"[', u.s.']"
amsterdam,hyvinkää,,"['distrito telefónica', 'madrid', 'spain']"
haarlem,helsinki,,"['canonsburg, pennsylvania, u.s.']"
heerlen,helsinki,,"['san francisco, california', 'u.s.']"
amersfoort,helsinki,,"['sunnyvale, california']"
leidschendam,helsinki,,"['munich', 'germany']"
amsterdam,helsinki,,['paris']
enschede,espoo,,"['düsseldorf', 'germany']"
amsterdam,espoo,,"['luxembourg city', 'luxembourg']"
amsterdam,espoo,,"['boulevard haussmann', '9th arrondissement', 'paris', 'tours société générale', 'nanterre', 'la défense']"
leiden,helsinki,,['ludwigshafen']
amsterdam,nokia,,"['montrouge', 'france']"
amsterdam,helsinki,,['munich']
de bilt,helsinki,,"['vancouver', 'british columbia', 'canada']"
groningen,espoo,,"['montreal', 'quebec']"
hilversum,helsinki,,"['montreal', 'quebec']"
rotterdam,espoo,,"['vancouver', 'british columbia', 'toronto, ontario']"
leiden,helsinki,,"['toronto', 'canada']"
amsterdam,helsinki,,"['toronto', 'ontario', 'toronto', 'ontario', 'toronto', 'ontario']"
schiphol-rijk,helsinki,,"['calgary, alberta', 'canada']"
amsterdam,kempele,,"['beijing', 'china']"
veghel,vieremä,,"['naypyidaw', 'burma']"
amsterdam,eurajoki,,"['awali', 'bahrain']"
amstelveen,helsinki,,"['kawran bazar', 'dhaka', 'bangladesh']"
amstelveen,vantaa,,"['baku', 'azerbaijan']"
the hague,helsinki,,"['baku', 'azerbaijan']"
best,raisio,,['shell centre']
amsterdam,helsinki,,['gibraltar']
arnhem,espoo,,"['seoul', 'south korea']"
amsterdam,helsinki,,['switzerland']
schiphol-oost,helsinki,,"['new york, ny']"
utrecht,helsinki,,"['tunis', 'tunisia', 'tunisia']"
amsterdam,helsinki,,['ivry-sur-seine']
amsterdam,helsinki,,"['richfield, minnesota']"
amsterdam,helsinki[7],,"['chiyoda, tokyo', 'japan']"
eindhoven,helsinki,,['cologne']
venlo,helsinki,,"['hamburg', 'germany']"
lainate,oulu,,['seychelles']
eindhoven,helsinki,,"['mihama-ku', 'chiba']"
the hague,helsinki,,['zaandam']
amsterdam,helsinki,,"['boise, idaho']"
maastricht,helsinki,,"['lakeland, florida']"
utrecht,helsinki,,"['port elizabeth, south africa']"
diemen,vantaa,,"['mooresville, north carolina']"
bunnik,espoo,,"['welwyn garden city', 'hertfordshire']"
papendrecht,helsinki,,"['campo maior', 'portugal']"
gouda,vantaa,,"['saratoga springs, new york']"
schiphol,helsinki,,"['irvine, california']"
rotterdam,vaasa,,"['canton, massachusetts']"
schiedam,vantaa,,"['oslo', 'norway']"
heemstede,helsinki,,['munich']
utrecht,uusikaupunki,,"['dunstable', 'bedfordshire']"
amsterdam,espoo,,[]
zeewolde,äänekoski,,[]
naarden,helsinki,,"['milwaukee, wisconsin', 'u.s.']"
hilversum,mariehamn,,"['edinburgh', ', scotland, uk']"
amsterdam,helsinki,,"['denver', 'colorado']"
alphen aan den rijn,helsinki,,"['388–390 greenwich st.', 'new york', 'ny']"
hengelo,voikoski[8],,"['makati', 'metro manila', 'philippines']"
amsterdam,helsinki,,"['tysons corner, virginia', 'mclean']"
hoofddorp,paris,,"['new york city, new york']"
amsterdam,toulouse,,['renaissance center']
amsterdam,paris[7],,"['milpitas, california', 'usa']"
schiphol-oost,tremblay-en-france,,"['vevey', 'vaud', 'switzerland']"
zeist,tremblay-en-france,,['30 hudson yards']
dordrecht,toulouse,,"['bloomfield, connecticut']"
schiphol-rijk,paris,,"['xicheng district, beijing']"
heerenveen,boulogne-billancourt,,['shell centre']
valkenswaard,paris,,['saint petersburg']
born,saint-ouen,,['whitacre tower']
amsterdam,paris,,"['beijing', 'china']"
amsterdam,issy-les-moulineaux,,['amsterdam']
haarlem,issy-les-moulineaux,,['beijing']
rotterdam,courcouronnes,,"[', switzerland', '(headquarters)', ', united kingdom', '(head office – oil & gas)', ', netherlands', '(head office – agricultural products)', ', ', '(registered office)']"
maastricht,lyon,,"['beijing', 'china']"
amersfoort,strasburg,,['shenzhen']
zwolle,paris,,"['tour total', 'courbevoie', 'france']"
utrecht,bordeaux,,"['conshohocken, pennsylvania']"
amsterdam,paris,,"['chūō-ku', 'tokyo']"
alphen aan den rijn,levallois-perret,,"['issaquah, washington']"
alphen aan den rijn,bezons,,"['san diego, california', 'u.s.']"
luqa,croix,,"['bothell, washington']"
swatar,paris,,"['boston, massachusetts', ', u.s.']"
santa venera,lyon,,"[', u.s.']"
valletta,paris,,"['tarrytown, new york']"
valletta,paris,,"['boston, massachusetts']"
marsa,paris,,"['nihonbashi', 'chuo, tokyo']"
valletta,paris,,['london']
valletta,paris,,"['paris', 'france']"
marsa,puteaux,,['bezons']
luqa,villeneuve d'ascq,,"['boulogne-billancourt', 'france']"
pietà,paris,,"['leverkusen', 'north rhine-westphalia', 'germany']"
birkirkara,paris,,['dublin']
st julian's,roscoff,,['london']
marsa,molsheim,,['hyderabad']
birkirkara,issy-les-moulineaux,,['singapore']
gżira,paris,,"['mumbai', 'maharashtra']"
luqa,boulogne-billancourt,,"['pune, india']"
munsbach,saint-ouen,,"['noida', 'uttar pradesh']"
luxembourg city,paris,,"['pune, maharashtra']"
luxembourg city,neuilly-sur-seine,,"['vadodara', 'gujarat', 'india']"
luxembourg city,cachan,,"['pune', 'maharashtra']"
luxembourg city,paris,,"['san jose, california']"
luxembourg city,rueil-malmaison,,"['atlanta, georgia']"
leudelange,marseille,,"['san jose, california', ', u.s.']"
luxembourg city,cestas,,"[', u.s.']"
luxembourg city,montrouge,,"['cambridge, massachusetts']"
bascharage,paris,,"['newtown, pennsylvania']"
bereldange,paris,,"['mountain view, california']"
sandweiler,saint-priest,,"['one market plaza', 'san francisco, california']"
strassen,charenton-le-pont,,"[', united states (corporate)', ' (registered office)']"
luxembourg city,paris,,"[', arizona, u.s.', ', czech republic']"
luxembourg city,paris,,"['rochester, new york']"
mamer,paris,,"['santa clara, california']"
luxembourg city,paris,,"['trieste', 'italy']"
luxembourg city,vélizy-villacoublay,,"['lingotto', 'turin']"
luxembourg city,paris,,"['rome', 'italy']"
luxembourg city,villeneuve-d'ascq,,"['santander', 'boadilla del monte', 'madrid']"
luxembourg city,paris,,"['la défense', 'france']"
howald,paris,,"['boulevard des italiens', 'paris', 'france']"
luxembourg city,paris,,"['munich', 'berlin']"
luxembourg city,boulogne-billancourt,,['paris']
luxembourg city,paris,,['munich']
luxembourg city,paris,,"['amsterdam', 'netherlands']"
luxembourg city,courbevoie[9],,"['massy', 'essonne']"
sandweiler,la défense,,['ottawa']
doncols,charenton-le-pont,,['singapore']
luxembourg city,paris,,"['balerna', 'switzerland']"
leudelange,ivry-sur-seine,,"['budapest', 'hungary']"
howald,courbevoie,,[]
luxembourg city,paris,,"['llantrisant', 'rhondda cynon taf']"
capellen,paris,,"['stuttgart', 'germany']"
luxembourg city,paris,,"['brussels', 'belgium']"
luxembourg city,paris,,"['sofia', 'bulgaria']"
luxembourg city,neuilly-sur-seine,,"['shiner, texas', 'united states']"
luxembourg city,paris,,['schelle']
lintgen,paris,,"['minsk', 'belarus']"
kirchberg,paris,,['bangladesh']
luxembourg city,les clayes-sous-bois,,"['rio de janeiro', 'rj']"
betzdorf,saint-étienne,,['cape town']
luxembourg city,paris,,['helsinki']
luxembourg city,paris,,[]
luxembourg city,paris,,['seychelles']
luxembourg city,paris,,['netherlands\xa0']
luxembourg city,paris,,"['patras', 'greece']"
luxembourg city,paris,,"['brooklyn center', 'minnesota', 'u.s.']"
bertrange,neuilly-sur-seine,,"['cincinnati, ohio', 'u.s.']"
jonava,paris,,"['seattle', 'washington']"
alytus,paris,,"['ocean financial centre', 'singapore']"
vilnius,paris,,['383 madison avenue']
vilnius,paris,,"['tucheng district', 'new taipei', 'taiwan']"
vilnius,troyes,,"['flushing, michigan']"
vilnius,laval,,"['beijing', 'china']"
vilnius,paris,,"['nihonbashi-honcho', 'chūō-ku', 'tokyo', 'japan']"
vilnius,paris,,"['irving, texas']"
klaipėda,paris,,"['foster city, california']"
šiauliai,paris,,"['parsippany, new jersey']"
vilnius,entzheim,,['samsung digital city']
karmėlava,suresnes,,"['kalamazoo', 'michigan', 'u.s.']"
vilnius,clichy,,['shell centre']
vilnius,paris,,['global village tech park']
šiauliai,paris,,"['shenyang', 'china', 'shanghai']"
panevėžys,paris,,"['dalian', 'china']"
vilnius,metz,,['paris']
vilnius,marseille,,['cambridge']
vilnius,toulouse,,['mumbai']
vilnius,romorantin-lanthenay,,"['bangalore', 'karnataka']"
vilnius,annecy,,['london']
kaunas,montrouge,,"['san jose, california']"
vilnius,clermont-ferrand,,"['windsor, connecticut', ', u.s.']"
vilnius,montreuil,,"['lake success, new york']"
kaunas,saint-sauveur-de-montagut,,"['pleasanton, california', 'u.s.']"
vilnius,paris,,"['santa clara, california']"
kaunas,paris,,['essen']
vilnius,valbonne,,['amsterdam']
riga,lesquin,,"['hay street', 'east perth']"
sigulda,paris,,"['castel san pietro', 'switzerland']"
riga,courbevoie,,"['dhaka', 'bangladesh']"
riga,mérignac,,"['rome', 'lazio', 'italy']"
ventspils,paris,,"['london', 'united kingdom']"
riga,paris,,"['dhaka', 'bangladesh']"
riga,orléans,,"['melbourne', 'australia']"
riga,paris,,"['cape town, western cape', 'south africa']"
cēsis,rueil-malmaison,,['the jam factory']
riga,rueil-malmaison,,['sandton']
riga,paris,,"['abuja', 'fct']"
riga,paris,,"['cayman islands', 'london', 'lagos']"
riga,paris,,"['nassau', 'new providence', 'the bahamas']"
riga,boulogne-billancourt,,"['london', 'england', 'uk']"
riga,paris,,"['stamford, connecticut']"
riga,la défense,,"['new york city', 'united states']"
riga,paris,,[]
riga,paris,,"['london', 'united kingdom']"
riga,paris,,"['bengaluru', 'karnataka', 'india']"
riga,la défense,,['googleplex']
riga,épagny-metz-tessy,,"['heredia', 'costa rica']"
riga,paris,,"['washington, d.c.']"
riga,rueil-malmaison,,"['irving, texas', 'spring, texas']"
riga,puteaux,,['kiewit plaza']
riga,paris,,"['woonsocket, rhode island', 'u.s.']"
riga,suresnes,,"['beijing', ""people's republic of china"", 'beijing', ""people's republic of china""]"
riga,paris,,"['newbury, berkshire', ', england, uk']"
riga,labège,,"['thousand oaks, california', ', u.s.']"
riga,saint-denis,,"['toyota city, aichi']"
olaine,courcouronnes,,"['minnetonka, minnesota', 'united states']"
riga,clichy,,"['hellerup', 'denmark']"
riga,la défense,,['new york city']
riga,issy-les-moulineaux,,"['wolfsburg', 'lower saxony']"
riga,paris,,['illinois']
riga,annecy,,"['technology square', 'cambridge, massachusetts']"
riga,paris,,"['north chicago, illinois']"
riga,issy-les-moulineaux,,"['indianapolis, indiana']"
riga,paris,,"['toyosu, tokyo', 'japan']"
riga,boulogne-billancourt,,['1 apple park way']
riga,la défense,,"['shiodome city center', 'minato, tokyo']"
mārupe,paris,,"['mumbai', 'maharashtra']"
riga,courbevoie,,"['mumbai', 'maharashtra']"
turin,rennes,,"['kolkata', 'west bengal', 'india']"
brescia,paris,,['india']
turin,rueil-malmaison,,['mumbai']
gornate-olona,paris,,"['alliance center', 'atlanta', 'georgia']"
varese,paris,,"['mountain view, california']"
rome,boulogne-billancourt,,['stanford research park']
rome,glashütte,,"['roseland, new jersey', 'u.s.']"
alessandria,wiesbaden,,"['brookfield, wisconsin']"
villafranca di verona,herzogenaurach,,['one vanderbilt']
fiumicino,essen,,['adobe world headquarters']
veggiano,munich,,['sydney']
venegono superiore,buchloe,,"['newport beach', 'california', 'united states']"
rome,wesel,,['neuchâtel']
omegna,bochum,,"['tour total', 'courbevoie', 'france']"
turin,düsseldorf,,"['dubai', 'united arab emirates']"
fiumicino,loßburg,,"['hanau', 'germany']"
milan,essen,,"['adelaide, australia']"
asolo,eschborn,,"['moore park', 'sydney', 'new south wales', 'australia', 'map']"
morrovalle,cologne,,"['kremnica', 'slovakia']"
rome,ingolstadt,,"['los angeles', 'california', 'u.s.']"
rome,berlin,,['buenos aires']
genoa,hamburg,,['libya']
genoa,neckarsulm,,"['benghazi', 'libya']"
noale,berlin,,"['lagos', 'nigeria']"
milan,melsungen,,['singapore']
milan,potsdam,,['ghana']
segrate,hanover,,['republic of the congo']
pregnana milanese,ludwigshafen,,"['luanda', 'angola']"
trieste,grünwald,,['singapore']
monza,leverkusen,,['tokyo']
milan,munich,,['remote-first']
rozzano,schiltach,,"['boston, massachusetts']"
rome,neckarsulm,,"['milwaukee, wisconsin', 'u.s.']"
turin,bremen,,"['chaoyang district', 'beijing', 'china']"
campogalliano,stuttgart,,"['dongcheng district', 'beijing', 'china']"
novedrate,willich,,"['xicheng district, beijing']"
san mauro pascoli,hamburg,,"['dhahran', 'saudi arabia']"
genoa,berlin,,"['seattle, washington', 'arlington, virginia']"
siena,hanover,,"['rahway, new jersey']"
rome,gütersloh,,"['basel', 'switzerland']"
milan,heilbronn,,"['pune', 'maharashtra']"
verona,mannheim,,"['noida', 'uttar pradesh']"
forlì,neustadt,,['sarjapur road']
parma,bitburg,,"['salesforce tower', 'san francisco, california', ', u.s.']"
san zenone degli ezzelini,mainz,,"[', switzerland', ', ', ' ']"
urbino,hamburg,,"['new york city', 'u.s.']"
pesaro,berlin,,"['walldorf', 'baden-württemberg']"
viareggio,munich,,"['bangalore', 'karnataka']"
ponzano veneto,ingelheim am rhein,,[]
montano lucino,boppard,,"['dallas, texas']"
brescia,bottrop,,"['san jose, california', 'la vista, nebraska']"
lucca,kronberg,,"['austin, texas']"
rignano sull'arno,mülheim,,"['armonk, new york']"
vigasio,berlin,,[]
milan,hamburg,,['russia']
rimini,ulm,,['hydra']
lissone,oberkochen,,"['beijing', 'china']"
rimini,tübingen,,"['london', 'england']"
assemini,stuttgart,,"['luxembourg city', 'luxembourg']"
biella,lübeck,,"['victoria', 'british columbia']"
udine,munich,,"['berlin, germany']"
induno olona,harsewinkel,,[]
livorno,frankfurt,,"['atlanta', 'georgia', 'usa']"
fiumicino,frankfurt,,['seychelles']
carpi,hanover,,
milan,leverkusen,,
potenza picena,stuttgart,,
montegranaro,munich,,
milan,bad homburg vor der höhe,,
alessandria,hamburg,,
cavarzere,berlin,,
vicenza,frankfurt,,
parma,frankfurt,,
florence,hanover,,
milan,hanover,,
brescia,unterschleißheim,,
stezzano,bonn,,
rome,bonn,,
pordenone,frankfurt,,
turin,cologne,,
perugia,bonn,,
bologna,eppingen,,
sansepolcro,überlingen,,
rome,überlingen,,
casale monferrato,röthenbach an der pegnitz,,
fiumicino,bad steben,,
varese,vachendorf,,
rome,?,,
capolona,hagen,,
milan,solingen,,
vicenza,bielefeld,,
milan,lübeck,,
sovico,frankfurt,,
brugherio,stuttgart,,
rome,frankfurt,,
bologna,essen,,
padua,neumarkt in der oberpfalz,,
milan,mulfingen,,
milan,ahrensburg,,
turin,berlin,,
milan,dettingen an der erms,,
modena,karlsruhe,,
milan,oberhaching,,
milan,bremen,,
meda,munich,,
recanati,düsseldorf,,
como,düsseldorf,,
parma,essen,,
milan,stein,,
turin,schwäbisch gmünd,,
san lazzaro di savena,essen,,
milan,esslingen am neckar,,
cambiago,waldachtal,,
modena,idar-oberstein,,
settala,hoykenkamp,,
turin,bremen,,
ancona,cologne,,
milan,cologne,,
bologna,cologne,,
casalecchio di reno,duisburg,,
mercato san severino,frankfurt,,
mantua,büdelsdorf,,
genoa,bad homburg vor der höhe,,
castelfidardo,bad homburg vor der höhe,,
molvena,weinheim,,
varano de' melegari,bremerhaven,,
valenza,mannheim,,
buttrio,ulm,,
caldonazzo,düsseldorf,,
novara,frankenberg,,
fara san martino,cologne,,
milan,gerolstein,,
modena,düsseldorf,,
cabiate,untergruppenbach,,
treviso,nuremberg,,
milan,martinsried,,
francofonte,nuremberg,,
caerano di san marco,hamburg,,
breganze,monheim,,
milan,hamburg,,
macchia d'isernia,hamburg,,
bologna,hanover,,
bologna,hamburg,,
brixen,bonn,,
milan,oberndorf am neckar,,
genoa,heidelberg,,
recanati,heidelberg,,
perugia,warnemünde,,
naples,lippstadt,,
rome,düsseldorf,,
modena,hanau,,
rome,schwanau,,
milan,essen,,
torrile,frankfurt,,
milan,dortmund,,
milan,köln-ehrenfeld cologne,,
milan,stuttgart,,
genoa,kiel,,
milan,offenburg,,
calto,metzingen,,
cormano,munich,,
milan,munich,,
sesto san giovanni,berlin,,
gardone val trompia,frankfurt,,
barzago,neubiberg,,
osimo,berlin,,
sacile,solingen,,
verona,glatten,,
milan,idstein,,
rome,mulfingen,,
maranello,jena,,
alba,hamburg,,
forlì,schramberg,,
rome,dessau,,
turin,kassel,,
trieste,winnenden,,
lecco,emmerich am rhein,,
turin,neckarsulm,,
turin,diedorf,,
bergamo,frankfurt,,
vicenza,duisburg,,
algund,heilbronn,,
brescia,munich,,
milan,würzburg,,
monza,hamburg,,
arcugnano,munich,,
gallarate,kreuztal,,
bologna,neutraubling,,
milan,frankenthal,,
canelli,augsburg,,
castelnuovo del garda,heidelberg,,
milan,cologne,,
novi ligure,wetzlar,,
milan,wetzlar,,
rome,nuremberg,,
montebelluna,neckarsulm,,
missaglia,lindau,,
pontedera,pasing,,
genoa,munich,,
scafati,kronach,,
venice,munich,,
turin,neu-isenburg,,
palermo,düsseldorf,,
courmayeur,cologne,,
milan,bremen-vegesack,,
milan,ulm,,
rome,berlin,,
florence,stuttgart,,
milan,munich,,
cuneo,düsseldorf,,
bologna,wolfenbüttel,,
naples,kirchanschöring,,
turin,gutenstetten,,
trieste,geretsried,,
parma,meissen,,
fabriano,minden,,
milan,kirchhundem,,
sarzana,affalterbach,,
turin,stuttgart,,
venice,darmstadt,,
bresso,augsburg,,
milan,düsseldorf,,
rome,zirndorf,,
bergamo,papenburg,,
moncalieri,gütersloh,,
castel san pietro terme,hamburg,,
turin,munich,,
turin,fischach,,
naples,munich,,
milan,karlsruhe,,
albiate,maxhütte-haidhof,,
bologna,braunschweig,,
milan,neckarsulm,,
ziano di fiemme,rüsselsheim am main,,
omegna,berlin,,
sant'agata bolognese,munich,,
milan,hamburg,,
turin,duderstadt,,
cavriago,munich,,
turin,duisburg,,
breganze,cologne,,
pompei,frankfurt,,
rome,blomberg,,
milan,mülheim,,
ritten,stuttgart,,
quarona,unterföhring,,
treviso,karlsruhe,,
naples,herzogenaurach,,
milan,aichtal,,
crespellano,radeberg,,
corbetta,stuttgart,,
samarate,hamburg,,
san lazzaro di savena,rehau,,
bologna,cologne,,
cassola,düsseldorf,,
milan,neckarsulm,,
milan,cologne,,
turin,waldenbuch,,
bologna,waldenbuch,,
valdagno,munich,,
modena,bocholt,,
bologna,burgwedel,,
reggio emilia,essen,,
gricignano di aversa,pfaffenhausen,,
milan,essen,,
milan,triberg im schwarzwald,,
florence,salzgitter,,
olbia,walldorf,,
san vendemiano,cologne,,
milan,ober-olm,,
calderara di reno,herzogenaurach,,
faenza,postbauer-heng,,
varese,berlin,,
milan,horstmar,,
abbiategrasso,mainz,,
milan,heroldsberg,,
milan,neckarsulm,,
manerbio,kleinostheim,,
giavera del montello,boppard,,
pesaro,hamburg,,
turin,wedemark,,
milan,sundern,,
trento,bruchsal,,
mandello del lario,wiesbaden,,
bologna,berlin,,
bergamo,eckernförde,,
pesaro,munich[4],,
montechiarugolo,hamburg,,
varese,böblingen,,
turin,darmstadt,,
santeramo in colle,bonn,,
somma lombardo,berlin,,
turin,zusmarshausen,,
bergamo,nuremberg,,
giavera del montello,hamburg,,
monticelli brusati,waiblingen,,
pace del mela,mannheim,,
milan,holzminden,,
san lazzaro di savena,hanover,,
milan,hamburg,,
cesena,berlin,,
ivrea,mülheim,,
bologna,cologne,,
ronco scrivia,melle,,
roveredo in piano,munich,,
verolengo,duisburg,,
cormano,düsseldorf,,
rome,ditzingen,,
san martino di lupari,frankfurt,,
san cesario sul panaro,hanover,,
vicenza,balingen,,
milan,rastede,,
modena,tutzing,,
collecchio,rheinberg,,
arzano,montabaur,,
settimo milanese,tettnang,,
arcore,stuttgart,,
brescia,meschede,,
lainate,bremen,,
viareggio,allendorf (eder),,
vittorio veneto,mettlach,,
gallarate,heidenheim an der brenz,,
agordo,wolfsburg,,
perugia,wolfsburg,,
genoa,bochum,,
pontedera,werdohl,,
treviso,munich,,
cambiano,munich,,
milan,minden,,
milan,warstein,,
venice,darmstadt,,
rome,wuppertal,,
rome,bremen,,
milan,bad münder,,
milan,kassel,,
milan,aschheim,,
rome,igersheim,,
parabiago,stuttgart,,
milan,hüllhorst,,
milan,künzelsau,,
prato,solingen,,
pozzuolo del friuli,friedrichshafen,,
turin,künzelsau,,
bologna,thessaloniki,,
padua,chania,,
milan,patras,,
florence,athens,,
san pellegrino terme,athens,,
sarroch,athens,,
milan,glyfada,,
rome,marousi,,
milan,athens,,
venice,athens,,
cologno monzese,athens,,
sesto calende,thessaloniki,,
trieste,athens,,
pomezia,athens,,
colleferro,athens,,
guastalla,kilkis,,
san donato milanese,marousi,,
naples,athens,,
rome,chania,,
turin,athens,,
cesena,athens,,
lugo,athens,,
volpiano,athens,,
volpiano,dordrecht,,
inverigo,athens,,
turin,athens,,
gardone val trompia,athens,,
milan,athens,,
cesena,athens,,
modena,athens,,
naples,athens,,
sant'elpidio a mare,athens,,
milan,athens,,
livorno,athens,,
bergamo,athens,,
porta nuova,maroussi,,
bologna,athens,,
arezzo,thessaloniki,,
milan,athens,,
milan,athens,,
pontedera,athens,,
lugo,tavros,,
pescara,athens,,
albizzate,heraklion,,
turin,athens,,
mondaino,athens,,
cento,pireus,,
torre annunziata,volos,,
coriano,chalkis,,
milan,athens,,
rossano veneto,zug,,
milan,patras,,
rho,athens,,
bresso,athens,,
vicenza,athens,,
pordenone,monaco,,
dublin,athens,,
dublin,chalandri,,
dublin,tavros,,
dublin,athens,,
dublin,athens,,
dublin,rhodes,,
dublin,athens,,
dublin,athens,,
dublin,athens,,
dublin,lykovrysi,,
dublin,pilio,,
dublin,eleusis,,
dublin,athens,,
dublin,kifissia,,
dublin,thessaloniki,,
cork,maroussi,,
dublin,koropi,,
newbridge,athens,,
dundalk,athens,,
dublin,athens,,
dublin,athens,,
dublin,athens,,
dublin,athens,,
dublin,maroussi,,
dublin,athens,,
dublin,galatsi,,
dublin,strassen,,
dublin,piraeus,,
dublin,athens,,
dublin,athens,,
dublin,athens,,
dublin,athens,,
dublin,athens,,
dublin,kifissia,,
dundalk,athens,,
laghey,athens,,
dublin,athens,,
dublin,athens,,
dublin,andros,,
dublin,athens,,
dublin,rethymno,,
dublin,athens,,
dublin,-,,
dublin,markopoulo,,
dublin,orestiada,,
belfast,thessaloniki,,
cork,athens,,
cork,athens,,
dublin,athens,,
dublin,nicosia,,
dublin,tanagra,,
dublin,athens,,
belfast,glyfada,,
dublin,agios stefanos,,
dublin,athens,,
kilkenny,athens,,
dublin,athens,,
dublin,athens,,
dublin,athens,,
dublin,athens,,
dublin,athens,,
dublin,skaramagas,,
dublin,kallithea,,
dublin,thessaloniki,,
dublin,thessaloniki,,
dublin,athens,,
dublin,athens,,
leixlip,athens,,
dublin,athens,,
dublin,thessaloniki,,
dublin,athens,,
dublin,patras,,
cork,athens,,
dublin,thessaloniki,,
tralee,london,,
dublin,athens,,
little island,paiania,,
dublin,athens,,
derrylin,zante,,
dublin,athens,,
dublin,cephalonia,,
belfast,ioannina,,
cork,athens,,
dublin,kalamata,,
belfast,neo phaliro,,
dublin,athens,,
belfast,athens,,
belfast,athens,,
dublin,athens,,
letterkenny,ilia,,
dublin,athens,,
dublin,athens,,
dublin,marousi,,
granard,athens,,
dublin,athens,,
dublin,new york city,,
dublin,athens,,
dublin,patras,,
dublin,athens,,
dublin,thessaloniki,,
dublin,alexandroupoli,,
dublin,nea erythraia,,
galway,athens,,
dublin,thessaloniki,,
ballybrit,athens,,
cork,athens,,
baile na habhann,athens,,
dublin,metamorfosi,,
derry,koufalia,,
cork,larissa,,
dublin,heraclion,,
borrisoleigh,crete,,
dublin,athens,,
swords,sindos,,
dublin,athens,,
dublin,thessaloniki,,
dublin,athens,,
dublin,koropi,,
derry,athens,,
belfast,maroussi,,
purcellsinch,athens,,
dublin,thessaloniki,,
dublin,ioannina,,
dublin,athens,,
belfast,pireus,,
ballymena,ermoupolis,,
budapest,athens,,
budapest,athens,,
budapest,athens,,
budapest,athens,,
bőcs,athens,,
budapest,athens,,
budapest,athens,,
alsónémedi,spata,,
budapest,larissa,,
budapest,athens,,
budapest,athens,,
vecsés,athens,,
budapest,larissa,,
budapest,maroussi,,
ballószög,athens,,
szigetszentmiklós,plomari,,
budapest,athens,,
budapest,aspropyrgos,,
budapest,athens,,
budapest,ioannina,,
budapest,drapetsona,,
budapest,thessaloniki,,
budapest,athens,,
budapest,sithonia,,
budapest,athens,,
budapest,patras,,
győr,athens,,
budapest,athens,,
miskolc,athens,,
herend,athens,,
budapest,thessaloniki,,
budapest,katerini,,
budapest,patras,,
budapest,rethymno,,
budapest,angelochori,,
budapest,athens,,
debrecen,santorini,,
budapest,athens,,
budapest,piraeus,,
budapest,kaloi limenes,,
jászberény,serres,,
budapest,athens,,
budapest,piraeus,,
ajka,athens,,
budapest,athens,,
budapest,athens,,
budapest,athens,,
budapest,xanthi,,
budapest,athens,,
miskolc,athens,,
budapest,athens,,
budapest,athens,,
budapest,athens,,
budapest,thessaloniki,,
budapest,athens,,
budapest,athens,,
törökbálint,thessaloniki,,
budapest,thessaloniki,,
budapest,athens,,
pécs,brussels,,
szeged,athens,,
budapest,athens,,
budapest,agios pavlos,,
győr,athens,,
budapest,piraeus,,
budapest,athens,,
budapest,athens,,
budapest,brussels,,
budapest,athens,,
martfű,athens,,
budapest,chalandri,,
budapest,athens,,
budapest,athens,,
újpest,piraeus,,
budapest,budapest,,
budapest,budapest,,
székesfehérvár,budapest,,
budapest,budapest,,
budapest,bőcs,,
budapest,budapest,,
budapest,budapest,,
pécs,alsónémedi,,
budapest,budapest,,
thessaloniki,budapest,,
chania,budapest,,
patras,vecsés,,
athens,budapest,,
athens,budapest,,
athens,ballószög,,
glyfada,szigetszentmiklós,,
marousi,budapest,,
athens,budapest,,
athens,budapest,,
athens,budapest,,
thessaloniki,budapest,,
athens,budapest,,
athens,budapest,,
athens,budapest,,
kilkis,budapest,,
marousi,budapest,,
athens,győr,,
chania,budapest,,
athens,miskolc,,
athens,herend,,
athens,budapest,,
athens,budapest,,
dordrecht,budapest,,
athens,budapest,,
athens,budapest,,
athens,budapest,,
athens,debrecen,,
athens,budapest,,
athens,budapest,,
athens,budapest,,
athens,jászberény,,
athens,budapest,,
athens,budapest,,
athens,ajka,,
maroussi,budapest,,
athens,budapest,,
thessaloniki,budapest,,
athens,budapest,,
athens,budapest,,
athens,miskolc,,
tavros,budapest,,
athens,budapest,,
heraklion,budapest,,
athens,budapest,,
athens,budapest,,
pireus,budapest,,
volos,törökbálint,,
chalkis,budapest,,
athens,budapest,,
zug,pécs,,
patras,szeged,,
athens,budapest,,
athens,budapest,,
athens,győr,,
monaco,budapest,,
athens,budapest,,
chalandri,budapest,,
tavros,budapest,,
athens,budapest,,
athens,martfű,,
rhodes,budapest,,
athens,budapest,,
athens,budapest,,
athens,újpest,,
lykovrysi,budapest,,
pilio,budapest,,
eleusis,székesfehérvár,,
athens,budapest,,
kifissia,budapest,,
thessaloniki,budapest,,
maroussi,budapest,,
koropi,pécs,,
athens,budapest,,
athens,dublin,,
athens,dublin,,
athens,dublin,,
athens,dublin,,
athens,dublin,,
maroussi,dublin,,
athens,dublin,,
galatsi,dublin,,
strassen,dublin,,
piraeus,dublin,,
athens,dublin,,
athens,dublin,,
athens,dublin,,
athens,dublin,,
athens,dublin,,
kifissia,cork,,
athens,dublin,,
athens,newbridge,,
athens,dundalk,,
athens,dublin[2],,
andros,dublin,,
athens,dublin,,
rethymno,dublin,,
athens,dublin,,
glashütte,dublin,,
wiesbaden,dublin,,
herzogenaurach,dublin,,
essen,dublin,,
munich,dublin,,
buchloe,dublin,,
wesel,dublin,,
bochum,dublin,,
düsseldorf,dublin,,
loßburg,dublin,,
essen,dundalk,,
eschborn,laghey,,
cologne,dublin,,
ingolstadt,dublin,,
berlin,dublin,,
hamburg,dublin,,
neckarsulm,dublin,,
berlin,dublin,,
melsungen,dublin,,
potsdam,dublin,,
hanover,dublin,,
ludwigshafen,belfast,,
grünwald,cork,,
leverkusen,cork,,
munich,dublin,,
schiltach,dublin,,
neckarsulm,dublin,,
bremen,dublin,,
stuttgart,belfast,,
willich,dublin,,
hamburg,dublin,,
berlin,kilkenny,,
hanover,dublin,,
gütersloh,dublin,,
heilbronn,dublin,,
mannheim,dublin,,
neustadt,dublin,,
bitburg,dublin,,
mainz,dublin,,
hamburg,dublin,,
berlin,dublin,,
munich,dublin,,
ingelheim am rhein,dublin,,
boppard,leixlip,,
bottrop,dublin,,
kronberg,dublin,,
mülheim,dublin,,
berlin,dublin,,
hamburg,cork,,
ulm,dublin,,
oberkochen,tralee,,
tübingen,dublin,,
stuttgart,little island,,
lübeck,dublin,,
munich,derrylin,,
harsewinkel,dublin,,
frankfurt,dublin,,
frankfurt,belfast,,
hanover,cork,,
leverkusen,dublin,,
stuttgart,belfast[4],,
munich,dublin,,
bad homburg vor der höhe,belfast,,
berlin,belfast[5],,
frankfurt,dublin,,
frankfurt,letterkenny,,
hanover,dublin,,
hanover,dublin,,
unterschleißheim,dublin,,
bonn,granard,,
bonn,dublin,,
frankfurt,dublin,,
cologne,dublin,,
bonn,dublin,,
eppingen,dublin,,
überlingen,dublin,,
überlingen,dublin,,
röthenbach an der pegnitz,dublin,,
bad steben,galway,,
vachendorf,dublin,,
paris,ballybrit[7],,
toulouse,cork,,
paris,baile na habhann,,
tremblay-en-france,dublin,,
tremblay-en-france,derry,,
toulouse,dublin,,
paris,cork,,
boulogne-billancourt,dublin,,
paris,borrisoleigh,,
saint-ouen,dublin,,
paris,swords,,
issy-les-moulineaux,dublin,,
issy-les-moulineaux,dublin,,
courcouronnes,dublin,,
lyon,dublin,,
strasburg,derry,,
paris,belfast,,
bordeaux,purcellsinch,,
paris,dublin,,
levallois-perret,dublin,,
bezons,dublin,,
croix,belfast,,
paris,ballymena,,
lyon,turin,,
paris,brescia,,
paris,turin,,
paris,gornate-olona,,
paris,varese,,
paris,rome,,
puteaux,rome,,
villeneuve d'ascq,alessandria,,
paris,villafranca di verona,,
paris,fiumicino,,
roscoff,veggiano,,
molsheim,venegono superiore,,
issy-les-moulineaux,rome,,
paris,omegna,,
boulogne-billancourt,turin,,
saint-ouen,fiumicino,,
paris,milan,,
neuilly-sur-seine,asolo,,
cachan,morrovalle,,
paris,rome,,
rueil-malmaison,rome,,
marseille,genoa,,
cestas,genoa,,
montrouge,noale,,
paris,milan,,
paris,milan,,
saint-priest,segrate,,
charenton-le-pont,pregnana milanese,,
paris,trieste,,
paris,monza,,
paris,milan,,
paris,rozzano,,
vélizy-villacoublay,rome,,
paris,turin,,
villeneuve-d'ascq,campogalliano,,
paris,novedrate,,
paris,san mauro pascoli,,
paris,genoa,,
boulogne-billancourt,siena,,
paris,rome,,
paris,milan,,
courbevoie,verona,,
la défense,forlì,,
charenton-le-pont,parma,,
paris,san zenone degli ezzelini,,
ivry-sur-seine,urbino,,
courbevoie,pesaro,,
paris,viareggio,,
paris,ponzano veneto,,
paris,montano lucino,,
paris,brescia,,
neuilly-sur-seine,lucca,,
paris,rignano sull'arno,,
paris,vigasio,,
paris,milan,,
les clayes-sous-bois,rimini,,
saint-étienne,lissone,,
paris,rimini,,
paris,assemini,,
paris,biella,,
paris,udine,,
paris,induno olona,,
paris,livorno,,
neuilly-sur-seine,fiumicino,,
paris,carpi,,
paris,milan,,
paris,potenza picena,,
paris,montegranaro,,
troyes,milan,,
laval,alessandria,,
paris,cavarzere,,
paris,vicenza,,
paris,parma,,
paris,florence,,
entzheim,milan,,
suresnes,brescia,,
clichy,stezzano,,
paris,rome,,
paris,pordenone,,
paris,turin,,
metz,perugia,,
marseille,bologna,,
toulouse,sansepolcro,,
romorantin-lanthenay,rome,,
annecy,casale monferrato,,
montrouge,fiumicino,,
clermont-ferrand,varese,,
montreuil,rome,,
saint-sauveur-de-montagut,capolona,,
paris,milan,,
paris,vicenza,,
valbonne,milan,,
lesquin,sovico,,
paris,brugherio,,
courbevoie,rome,,
mérignac,bologna,,
paris,padua,,
paris,milan,,
orléans,milan,,
paris,turin,,
rueil-malmaison,milan,,
rueil-malmaison,modena,,
paris,milan,,
paris,milan,,
paris,meda,,
boulogne-billancourt,recanati,,
paris,como,,
la défense,parma,,
paris,milan,,
paris,turin,,
paris,san lazzaro di savena,,
la défense,milan,,
épagny-metz-tessy,cambiago,,
paris,modena,,
rueil-malmaison,settala,,
puteaux,turin,,
paris,ancona,,
suresnes,milan,,
paris,bologna,,
labège,casalecchio di reno,,
saint-denis,mercato san severino,,
courcouronnes,mantua,,
clichy,genoa,,
la défense,castelfidardo,,
issy-les-moulineaux,molvena,,
paris,varano de' melegari,,
annecy,valenza,,
paris,buttrio,,
issy-les-moulineaux,caldonazzo,,
paris,novara,,
boulogne-billancourt,fara san martino,,
la défense,milan,,
paris,modena,,
courbevoie,cabiate,,
rennes,treviso,,
paris,milan,,
rueil-malmaison,francofonte,,
paris,caerano di san marco,,
paris,breganze,,
boulogne-billancourt,milan,,
helsinki,macchia d'isernia,,
helsinki,bologna,,
helsinki,bologna,,
helsinki,brixen,,
helsinki,milan,,
helsinki,genoa,,
mariehamn,recanati,,
espoo,perugia,,
oulu,naples,,
helsinki,rome,,
oulu,modena,,
helsinki,rome,,
helsinki,milan,,
espoo,torrile,,
helsinki,milan,,
helsinki,milan,,
helsinki,milan,,
vantaa,genoa,,
helsinki,milan,,
helsinki,calto,,
espoo,cormano,,
helsinki,milan,,
helsinki,sesto san giovanni,,
turku,gardone val trompia,,
turku,barzago,,
helsinki,osimo,,
espoo,sacile,,
helsinki,verona,,
lahti,milan,,
helsinki,rome,,
helsinki,maranello,,
hyvinkää,alba,,
helsinki,forlì,,
helsinki,rome,,
helsinki,turin,,
helsinki,trieste,,
helsinki,lecco,,
espoo,turin,,
espoo,turin,,
espoo,bergamo,,
helsinki,vicenza,,
nokia,algund,,
helsinki,brescia,,
helsinki,milan,,
espoo,monza,,
helsinki,arcugnano,,
espoo,gallarate,,
helsinki,bologna,,
helsinki,milan,,
helsinki,canelli,,
kempele,castelnuovo del garda,,
vieremä,milan,,
eurajoki,novi ligure,,
helsinki,milan,,
vantaa,rome,,
helsinki,montebelluna,,
raisio,missaglia,,
helsinki,pontedera,,
espoo,genoa,,
helsinki,scafati,,
helsinki,venice,,
helsinki,turin,,
helsinki,palermo,,
helsinki,courmayeur,,
helsinki,milan,,
helsinki,milan,,
helsinki,rome,,
oulu,florence,,
helsinki,milan,,
helsinki,cuneo,,
helsinki,bologna,,
helsinki,naples,,
helsinki,turin,,
vantaa,trieste,,
espoo,parma,,
helsinki,fabriano,,
vantaa,milan,,
helsinki,sarzana,,
vaasa,turin,,
vantaa,venice,,
helsinki,bresso,,
uusikaupunki,milan,,
espoo,rome,,
äänekoski,bergamo,,
helsinki,moncalieri,,
mariehamn,castel san pietro terme,,
helsinki,turin,,
helsinki,turin,,
tartu,naples,,
tallinn,milan,,
tallinn,albiate,,
tallinn,bologna,,
tallinn,milan,,
tallinn,ziano di fiemme,,
tallinn,omegna,,
tallinn,sant'agata bolognese,,
tallinn,milan,,
tallinn,turin,,
tallinn,cavriago,,
tallinn,turin,,
tallinn,breganze,,
tallinn,pompei,,
tallinn,rome,,
jõhvi,milan,,
jõhvi,ritten[7],,
tallinn,quarona,,
tartu,treviso,,
tallinn,naples,,
tallinn,milan,,
tartu,crespellano,,
tallinn,corbetta,,
lehmja,samarate,,
tallinn,san lazzaro di savena,,
tallinn,bologna,,
auvere,cassola,,
tallinn,milan,,
tartu,milan,,
tallinn,turin,,
tallinn,bologna,,
tartu,valdagno,,
roodevälja,modena,,
kuressaare,bologna,,
saku,reggio emilia,,
tallinn,gricignano di aversa,,
tallinn,milan,,
tallinn,milan,,
tallinn,florence,,
tallinn,olbia,,
tallinn,san vendemiano,,
tallinn,milan,,
tallinn,calderara di reno,,
tartu,faenza,,
tallinn,varese,,
tallinn,milan,,
tallinn,abbiategrasso,,
tallinn,milan,,
tallinn,milan,,
kohtla-järve,manerbio,,
narva,giavera del montello,,
tartu,pesaro,,
virum,turin,,
hørsholm,milan,,
copenhagen,trento,,
copenhagen,mandello del lario,,
copenhagen,bologna,,
aarhus,bergamo,,
viby j,pesaro,,
copenhagen,montechiarugolo,,
struer,varese,,
brande,turin,,
copenhagen,santeramo in colle,,
herning,somma lombardo,,
gentofte,turin,,
aarhus,bergamo,,
copenhagen,giavera del montello,,
aalborg,monticelli brusati,,
hørsholm,pace del mela,,
copenhagen,milan,,
fredensborg,san lazzaro di savena,,
copenhagen,milan,,
copenhagen,cesena,,
frederikssund,ivrea,,
gentofte,bologna,,
kongens lyngby,ronco scrivia,,
nyborg,roveredo in piano,,
hellerup,verolengo,,
copenhagen,cormano,,
nordborg,rome,,
copenhagen,san martino di lupari,,
karise,san cesario sul panaro,,
randers,vicenza,,
højbjerg,milan,,
copenhagen,modena,,
skive,collecchio,,
copenhagen,arzano,,
copenhagen,settimo milanese,,
roskilde,arcore,,
copenhagen,brescia,,
hedehusene,lainate/breda,,
copenhagen,viareggio,,
bredebro,vittorio veneto,,
copenhagen,gallarate,,
copenhagen,agordo,,
copenhagen,perugia,,
copenhagen,genoa,,
hillerød,pontedera,,
middelfart,treviso,,
ballerup,cambiano,,
bjerringbro,milan,,
ry,milan,,
copenhagen,venice,,
lyngby-taarbæk,rome,,
copenhagen,rome,,
copenhagen,milan,,
aarhus,milan,,
copenhagen,milan,,
copenhagen,rome,,
copenhagen,parabiago,,
copenhagen,milan,,
odense,milan,,
aarhus,prato,,
silkeborg,pozzuolo del friuli,,
copenhagen,turin,,
copenhagen,bologna,,
copenhagen,padua,,
copenhagen,milan,,
lunderskov,florence,,
copenhagen,san pellegrino terme,,
copenhagen,sarroch,,
copenhagen,milan,,
copenhagen,rome,,
aarhus,milan,,
allerød,venice,,
copenhagen,cologno monzese,,
copenhagen,sesto calende,,
gladsaxe,trieste,,
copenhagen,pomezia,,
copenhagen,colleferro,,
gladsaxe,guastalla,,
copenhagen,san donato milanese,,
copenhagen,naples,,
copenhagen,rome,,
copenhagen,turin,,
fredericia,cesena,,
copenhagen,lugo,,
vejle,volpiano,,
holbæk,volpiano,,
copenhagen,inverigo,,
copenhagen,turin,,
copenhagen,gardone val trompia,,
copenhagen,milan,,
roskilde,cesena,,
copenhagen,modena,,
faxe,naples,,
copenhagen,sant'elpidio a mare,,
copenhagen,milan,,
copenhagen,livorno,,
copenhagen,bergamo,,
copenhagen,porta nuova,,
copenhagen,bologna,,
vallensbæk,arezzo,,
copenhagen,milan,,
århus,milan,,
copenhagen,pontedera,,
lystrup,lugo,,
billund,pescara,,
copenhagen,albizzate,,
fredericia,turin,,
middelfart,mondaino,,
hørsholm,cento,,
aarhus,torre annunziata,,
allerød,coriano,,
lynge,milan,,
ledøje-smørum,rossano veneto,,
hvidovre,milan,,
odolena voda,rho,,
prague,bresso,,
prague,vicenza,,
prague,pordenone,,
prague,riga,,
české budějovice,sigulda,,
české budějovice,riga,,
prague,riga,,
prague,ventspils,,
uherský brod,riga,,
prague,riga,,
prague,riga,,
prague,cēsis,,
prague,riga,,
prague,riga,,
prague,riga,,
prague,riga,,
prague,riga,,
prague,riga,,
studenec,riga,,
brno,riga,,
jablonec nad nisou,riga,,
karlovy vary,riga,,
velešín,riga,,
brno,riga,,
nový hrádek,riga,,
prague,riga,,
ostrava,riga,,
prague,riga,,
prague,riga,,
jablonec nad nisou,riga,,
prague,riga,,
přerov,riga,,
prague,riga,,
karlovy vary,olaine,,
prague,riga,,
ostrava,riga,,
hradec králové,riga,,
plzeň,riga,,
jablonec nad nisou,riga,,
nové město na moravě,riga,,
brno,riga,,
krušovice,riga,,
nové sedlo,riga,,
plzeň,riga,,
plzeň,mārupe,,
prague,riga,,
brno,jonava,,
prague,alytus,,
kopřivnice,vilnius,,
prague,vilnius,,
kolín,vilnius,,
třinec,vilnius,,
prague,vilnius,,
české budějovice,vilnius,,
prague,klaipėda,,
prague,šiauliai,,
brno,vilnius,,
prague,karmėlava,,
nicosia,vilnius,,
larnaca,vilnius,,
limassol,šiauliai,,
nicosia,panevėžys,,
larnaca,vilnius,,
nicosia,vilnius,,
nicosia,vilnius,,
nicosia,vilnius,,
limassol,vilnius,,
nicosia,kaunas,,
limassol,vilnius,,
limassol,vilnius,,
nicosia,kaunas,,
limassol,vilnius,,
nicosia,kaunas,,
larnaca,vilnius,,
nicosia,munsbach,,
nicosia,luxembourg city,,
nicosia,luxembourg city,,
paphos,luxembourg city,,
nicosia,luxembourg city,,
nicosia,luxembourg city,,
limassol,leudelange,,
nicosia,luxembourg city,,
nicosia,luxembourg city,,
nicosia,bascharage,,
nicosia,bereldange,,
nicosia,sandweiler,,
nicosia,strassen,,
nicosia,luxembourg city,,
nicosia,luxembourg city,,
nicosia,mamer,,
limassol,luxembourg city,,
nicosia,luxembourg city,,
nicosia,luxembourg city,,
peristerona,luxembourg city,,
nicosia,luxembourg city,,
limassol,howald,,
nicosia,luxembourg city,,
nicosia,luxembourg city,,
nicosia,luxembourg city,,
nicosia,luxembourg city,,
limassol,luxembourg city,,
guernsey,luxembourg city,,
nicosia,sandweiler,,
nicosia,doncols,,
limassol,luxembourg city,,
limassol,leudelange,,
limassol,howald,,
larnaca,luxembourg city,,
nicosia,capellen,,
paphos,luxembourg city,,
nicosia,luxembourg city,,
limassol,luxembourg city,,
nicosia,luxembourg city,,
nicosia,lintgen,,
paphos,kirchberg,,
nicosia,luxembourg city,,
nicosia,betzdorf,,
nicosia,luxembourg city,,
pafos,luxembourg city,,
paphos,luxembourg city,,
paphos,luxembourg city,,
larnaca,luxembourg city,,
nicosia,luxembourg city,,
limassol,bertrange,,
nicosia,luqa,,
limassol,swatar,,
nicosia,santa venera,,
nicosia,valletta,,
nicosia,valletta,,
strovolos,marsa,,
nicosia,valletta,,
nicosia,valletta,,
nicosia,marsa,,
ayia napa,luqa,,
larnaca,pietà,,
nicosia,birkirkara[1],,
nicosia,st julian's,,
nicosia,marsa,,
nicosia,valletta,,
nicosia,birkirkara,,
nicosia,gżira,,
rijeka,luqa,,
zagreb,utrecht,,
zagreb,utrecht,,
omišalj,amsterdam,,
opatija,amsterdam,,
rovinj,heerenveen,,
zagreb,the hague,,
zagreb,zaandam,,
zagreb,amsterdam,,
dubrovnik,zoeterwoude,,
zagreb,the hague,,
zagreb,amsterdam,,
split,amsterdam,,
zagreb,veldhoven,,
split,the hague,,
čakovec,amsterdam,,
koprivnica,veenendaal,,
zagreb,veendam,,
zagreb,lieshout,,
zagreb,uden,,
zagreb,utrecht,,
zagreb,amsterdam,,
zagreb,amsterdam,,
zagreb,amsterdam,,
zagreb,amsterdam,,
zagreb,lijnden,,
zagreb,eindhoven,,
zagreb,gorinchem,,
zagreb,breda,,
buje,lelystad,,
zagreb,utrecht,,
slavonski brod,heerlen,,
zagreb,amsterdam,,
split,amsterdam,,
zagreb,amsterdam,,
zagreb,delft,,
zagreb,amsterdam,,
zagreb,haarlem,,
zagreb,heerlen,,
zagreb,amersfoort,,
zagreb,leidschendam,,
zagreb,amsterdam,,
zagreb,enschede,,
zagreb,amsterdam,,
zagreb,amsterdam,,
ozalj,leiden,,
zagreb,amsterdam,,
zagreb,amsterdam,,
vodnjan,de bilt,,
zagreb,groningen,,
zagreb,hilversum,,
zagreb,rotterdam,,
zagreb,leiden,,
zagreb,amsterdam,,
rijeka,schiphol-rijk,,
zagreb,amsterdam,,
zagreb,veghel,,
karlovac,amsterdam,,
osijek,amstelveen,,
bjelovar,amstelveen,,
zagreb,the hague,,
split,best,,
zagreb,amsterdam,,
kraljevica,arnhem,,
zagreb,amsterdam,,
zagreb,schiphol-oost,,
ploče,utrecht,,
zagreb,amsterdam,,
zagreb,amsterdam,,
zagreb,amsterdam,,
zagreb,eindhoven,,
kutina,venlo,,
gospić,lainate/breda,,
zagreb,eindhoven,,
zagreb,the hague,,
split,amsterdam,,
koprivnica,maastricht,,
rijeka,utrecht,,
zagreb,diemen,,
sveta nedelja,bunnik,,
zagreb,papendrecht,,
zagreb,gouda,,
zagreb,schiphol,,
split,rotterdam,,
zagreb,schiedam,,
zagreb,heemstede,,
zagreb,utrecht,,
zagreb,amsterdam,,
zagreb,zeewolde,,
zagreb,naarden,,
pula,hilversum,,
zagreb,amsterdam,,
zagreb,alphen aan den rijn,,
rijeka,hengelo,,
varaždin,amsterdam,,
virovitica,hoofddorp,,
zagreb,amsterdam,,
zagreb,amsterdam,,
zagreb,schiphol-oost,,
zagreb,zeist,,
zagreb,dordrecht,,
sofia,schiphol-rijk,,
sofia,heerenveen,,
sofia,valkenswaard,,
kazanlak,born,,
panagyurishte,amsterdam,,
pazardzhik,amsterdam,,
sofia,haarlem,,
sofia,rotterdam,,
sofia,maastricht,,
sofia,amersfoort,,
sofia,zwolle,,
sofia,utrecht,,
sofia,amsterdam,,
sofia,alphen aan den rijn,,
sofia,alphen aan den rijn,,
sofia,warsaw,,
sofia,wieliczka,,
sofia,turek,,
sofia,warsaw,,
sofia,poznań,,
sofia,warsaw,,
sofia,wronki,,
sofia,rzeszów,,
sofia,warsaw,,
sofia,warsaw,,
sofia,żyrardów,,
sofia,bełchatów,,
pirdop,kostrzyn,,
sofia,biłgoraj,,
sofia,bochnia,,
sofia,lublin voivodeship,,
sofia,boryszew,,
sofia,kraków,,
sofia,łomża,,
sofia,warsaw,,
sofia,warsaw,,
sofia,łódź,,
ruse,kraków,,
sofia,krotoszyn,,
sofia,warsaw,,
sofia,elbląg,,
sofia,warsaw,,
plovdiv,poznań,,
shumen,łódź,,
sofia,komorniki,,
sofia,chrzanów,,
sofia,bielsko-biała,,
sofia,warsaw,,
plovdiv,kraśnik,,
sofia,katowice,,
sofia,gaworzyce,,
varna,warsaw,,
burgas,polkowice,,
sofia,tarnów,,
sofia,gdańsk,,
sofia,gubin,,
sofia,ruda śląska,,
sofia,warsaw,,
sofia,katowice,,
blagoevgrad,przemyśl,,
ruse,kraków,,
sofia,warsaw,,
sofia,warsaw,,
sofia,jastrzębie-zdrój,,
sofia,warsaw,,
sofia,lubin,,
sofia,warsaw,,
sofia,kłodawa,,
sofia,poznań,,
sofia,katowice,,
sofia,poznań,,
varna,warsaw,,
svilengrad,wrocław,,
sofia,warsaw,,
karlovo,gdańsk,,
zaventem,wadowice,,
ghent,warsaw,,
antwerp,warsaw,,
liege,brzesko,,
brussels,warsaw,,
brussels,warsaw,,
mortsel,bydgoszcz,,
brussels,warsaw,,
hove,płock,,
ghent,warsaw,,
leuven,warsaw,,
antwerp,warsaw,,
antwerp,warsaw,,
liège,warsaw,,
ronse,warsaw,,
aalter,warsaw,,
brussels,szczecin,,
kortrijk,warsaw,,
brussels,warsaw,,
wielsbeke,narew,,
brussels,białystok,,
kortrijk,warsaw,,
leuven,konstancin-jeziorna,,
brussels,pudliszki,,
brussels,warsaw,,
brussels,warsaw,,
brussels,bolechowo,,
seraing,wrocław,,
louvain-la-neuve,bydgoszcz,,
turnhout,warsaw,,
eeklo,warsaw,,
zedelgem,warsaw,,
brussels,warsaw,,
halle,warsaw,,
antwerp,tymbark,,
antwerp,lublin,,
mechelen,rakszawa[5],,
hooglede,wieliczka,,
brussels,wieluń,,
zwijndrecht,poznań,,
brussels,tarnów,,
ghent,białystok,,
malle,żywiec,,
brussels,porto,,
malle,porto,,
seraing,porto,,
liège,trofa,,
antwerp,lisbon,,
brussels,lisbon,,
wavre,vila franca de xira,,
brussels,oeiras,,
brussels,porto,,
turnhout,coimbra,,
brussels,lisbon,,
sint-niklaas,anadia,,
leuven,porto,,
liège,lisbon,,
ghent,matosinhos,,
aalst,matosinhos,,
beerse,santa maria da feira[11],,
roeselare,coimbra,,
antwerp,lisbon,,
brussels,campo maior,,
brussels,matosinhos,,
ghent,lisbon,,
ghent,lisbon,,
meulebeke,lisbon,,
charleroi,lisbon,,
leuven,lisbon,,
leuven,marinha grande,,
beerse,oeiras,,
ostend,lisbon,,
brussels,porto,,
brussels,cascais,,
gerpinnes,oliveira de frades,,
balen,oeiras,,
leuven,lisbon,,
turnhout,lisbon,,
brussels,lisbon,,
brussels,porto,,
liège,cascais,,
duffel,lisbon,,
brussels,lisbon,,
paal,lisbon,,
péruwelz,lisbon,,
leuven,porto,,
oostrozebeke,lisbon,,
brussels,lisbon,,
brussels,lisbon,,
brussels,lisbon,,
turnhout,torres novas,,
tienen,lisbon,,
mechelen,lisbon,,
brussels,oliveira de azeméis,,
waregem,porto,,
zaventem,lisbon,,
mechelen,maia,,
leuven,maia,,
brussels,oeiras,,
antwerp,oeiras,,
zaventem,lisbon,,
brussels,lisbon,,
brussels,oeiras,,
brussels,setúbal,,
brussels,lisbon,,
brussels,lisbon,,
turnhout,lisbon,,
koningshooikt,matosinhos,,
antwerp,lisbon,,
brussels,viseu,,
gavere,ílhavo,,
brussels,bucharest,,
antwerp,buftea,,
ghent,iași,,
liège,alba iulia,,
brussels,găești,,
vienna,mioveni,,
klagenfurt,bucharest,,
rottenmann,cluj-napoca,,
ried im innkreis,bucharest,,
premstätten,bucharest,,
graz,bucharest,,
altenmarkt im pongau,bucharest,,
vienna,bacău,,
braunau am inn,ștei,,
vienna,cluj-napoca,,
schwechat,craiova,,
eggelsberg,bucharest,,
vienna,bucharest,,
klosterneuburg,bucharest,,
vienna,cluj-napoca,,
waidhofen an der ybbs,mangalia,,
vienna,bucharest,,
wiener neudorf,bucharest,,
vienna,bucharest,,
vienna,cluj-napoca,,
vienna,bucharest,,
vienna,bucharest,,
vienna,năvodari,,
klagenfurt,bucharest,,
traun,bucharest,,
vienna,bucharest,,
wiener neustadt,bucharest,,
amstetten,brașov,,
wolfurt,brașov,,
vienna,bucharest,,
vienna,bucharest,,
linz,bucharest,,
ried im innkreis,bucharest,,
vienna,bucharest,,
jenbach,bucharest,,
linz,otopeni,,
vienna,iaşi,,
deutsch-wagram,bucharest,,
vienna,cluj-napoca,,
höchst,bucharest,,
vienna,cluj-napoca,,
vienna,cluj-napoca,,
vienna,bucharest,,
vienna,bucharest,,
mattighofen,bucharest,,
lenzing,bucharest,,
vienna,bucharest,,
graz,bucharest,,
graz,bratislava,,
vienna,detva,,
vienna,bratislava[11],,
schwechat,prešov,,
vienna,bratislava,,
floridsdorf,medzilaborce,,
vienna,bratislava,,
vienna,bratislava,,
vienna,bratislava,,
vienna,čadca,,
vienna,bratislava,,
salzburg,púchov,,
lauterach,istebné,,
vienna,bratislava,,
breitenwang,bratislava,,
graz,bratislava,,
vienna,veľký šariš,,
fuschl am see,bratislava,,
vienna,bratislava,,
leonding,žiar nad hronom,,
gunskirchen,bratislava,,
pasching,banská bystrica,,
vienna,bratislava,,
grödig,bratislava,,
sankt ulrich bei steyr,bratislava,,
sankt ulrich bei steyr,bratislava,,
floridsdorf,bratislava,,
vienna,bratislava,,
klagenfurt,bratislava,,
wattens,veľký šariš,,
vienna,bratislava,,
vienna,košice,,
vienna,trebišov,,
graz,bratislava,,
vienna,hurbanovo,,
vienna,ljubljana,,
vienna,zgornji brnik,,
linz,novo mesto,,
vienna,ivančna gorica,,
dornbirn,žiri,,
,kamnik,,
,maribor,,
,ljubljana,,
,begunje na gorenjskem,,
,kranj,,
,velenje,,
,kranj,,
,koper,,
,novo mesto,,
,ljubljana,,
,ljubljana,,
,ljubljana,,
,ljubljana,,
,ljubljana,,
,koper,,
,maribor,,
,ljubljana,,
,ljubljana,,
,ljubljana,,
,koper,,
,ljubljana,,
,ljubljana,,
,barcelona[3],,
,seville,,
,barcelona,,
,alcobendas,,
,madrid,,
,madrid,,
,madrid,,
,barcelona,,
,barcelona,,
,madrid,,
,fene,,
,san sebastián de los reyes,,
,zaragoza,,
,bilbao,,
,madrid,,
,sabadell,,
,santander,,
,madrid,,
,madrid,,
,vic,,
,madrid,,
,alcobendas,,
,barcelona,,
,madrid,,
,moià,,
,barcelona,,
,bilbao,,
,madrid,,
,madrid,,
,madrid,,
,madrid,,
,beasain,,
,barcelona,,
,madrid,,
,madrid,,
,martorell,,
,cádiz,,
,córdoba,,
,las rozas,,
,madrid,,
,barcelona,,
,madrid,,
,madrid,,
,madrid,,
,elorrio,,
,derio,,
,mondragón,,
,madrid,,
,barcelona,,
,madrid[5],,
,barcelona,,
,zamudio,,
,madrid,,
,tres cantos,,
,málaga,,
,barcelona,,
,burgos,,
,carballo,,
,murcia,,
,granada,,
,madrid,,
,a coruña,,
,madrid,,
,bilbao,,
,madrid,,
,barcelona,,
,barcelona,,
,arteixo,,
,madrid,,
,madrid,,
,ormaiztegi,,
,portillo de toledo,,
,elche,,
,valencia,,
,madrid,,
,zaragoza,,
,tavernes blanques,,
,murcia,,
,madrid,,
,palma,,
,palau-solità i plegamans,,
,majadahonda,,
,barcelona,,
,madrid,,
,palma,,
,tavernes blanques,,
,mondragón,,
,madrid,,
,vitoria-gasteiz,,
,valencia,,
,madrid,,
,madrid,,
,bueu,,
,madrid,,
,mallabia,,
,ibiza,,
,redondela,,
,barcelona,,
,villarreal,,
,tres cantos,,
,barcelona,,
,madrid,,
,alcobendas,,
,alcobendas,,
,madrid,,
,madrid,,
,madrid,,
,majorca,,
,madrid,,
,linares,,
,martorell,,
,getxo,,
,getxo,,
,las rozas de madrid,,
,madrid,,
,madrid,,
,madrid,,
,madrid,,
,madrid,,
,molina de segura,,
,málaga,,
,madrid,,
,barcelona,,
,arteixo,,
,madrid,,
,uppsala,,
,malmö,,
,gothenburg,,
,svängsta[5],,
,stockholm,,
,stockholm,,
,stockholm,,
,stockholm,,
,luleå,,
,stockholm,,
,lund,,
,landskrona,,
,ulricehamn,,
,stockholm,,
,stockholm,,
,mölndal,,
,västerås,,
,västerås/zürich,,
,stockholm,,
,södertälje,,
,nacka,,
,mölnlycke,,
,stockholm,,
,stockholm,,
,stockholm,,
,stockholm,,
,stockholm,,
,stockholm,,
,lund,,
,örnsköldsvik,,
,enköping,,
,stockholm,,
,gothenburg,,
,gothenburg,,
,stockholm,,
,uppsala,,
,solna,,
,stockholm,,
,stockholm,,
,stockholm,,
,karlskoga,,
,lidingö,,
,stockholm,,
,eskilstuna,,
,malmö,,
,stockholm,,
,malmö,,
,stockholm[8],,
,malmö,,
,stockholm,,
,stockholm,,
,stockholm,,
,stockholm,,
,upplands väsby,,
,stockholm,,
,insjön,,
,stockholm,,
,stockholm,,
,stockholm,,
,stockholm,,
,stockholm,,
,stockholm,,
,malmö,,
,stockholm,,
,linköping,,
,tumba,,
,visby,,
,stockholm,,
,docksta,,
,borlänge,,
,malmö,,
,nacka,,
,stockholm,,
,mölnlycke,,
,stockholm,,
,stockholm,,
,gothenburg,,
,malmö,,
,borås,,
,kista,,
,stockholm,,
,stockholm,,
,stockholm,,
,gothenburg,,
,eskilstuna,,
,stockholm,,
,lund,,
,habo,,
,stockholm,,
,stockholm,,
,örnsköldsvik,,
,uddevalla,,
,stockholm,,
,stockholm,,
,helsingborg,,
,växjö,,
,stockholm,,
,falkenberg,,
,gothenburg,,
,hässleholm,,
,solna,,
,stockholm,,
,gothenburg,,
,stockholm,,
,torsång,,
,älvdalen,,
,landskrona,,
,ellös,,
,stockholm,,
,gothenburg,,
,köping,,
,hestra,,
,stockholm,,
,halmstad,,
,höganäs,,
,stockholm,,
,mattighofen,,
,stockholm,,
,hudiksvall,,
,uppsala,,
,stockholm,,
,linköping,,
,malmö,,
,uppsala,,
,solna,,
,stockholm,,
,stockholm,,
,gothenburg,,
,stockholm,,
,stockholm,,
,malmö,,
,stockholm,,
,stockholm,,
,stockholm,,
,stockholm,,
,malung,,
,jonsered,,
,stockholm,,
,stockholm,,
,malmö,,
,ängelholm,,
,stockholm,,
,kopparberg,,
,kosta,,
,halmstad,,
,järna,,
,stockholm,,
,stockholm[12],,
,stockholm,,
,stockholm,,
,stockholm,,
,gothenburg,,
,stockholm,,
,luleå,,
,stockholm,,
,stockholm,,
,motala,,
,uppsala,,
,västerås,,
,stockholm,,
,malmö,,
,gothenburg,,
,solna,,
,täby,,
,stockholm,,
,stockholm,,
,gothenburg,,
,vansbro,,
,uppsala,,
,henån,,
,kista,,
,stockholm,,
,solna,,
,gothenburg,,
,stockholm,,
,stockholm,,
,stockholm,,
,stockholm,,
,trollhättan,,
,stockholm,,
,stockholm,,
,stockholm,,
,gothenburg,,
,torshälla,,
,stockholm,,
,stockholm,,
,stockholm,,
,upplands väsby,,
,upplands väsby,,
,uppsala,,
,stockholm,,
,orrefors,,
,oskarshamn,,
,stockholm,,
,malmö,,
,stockholm,,
,förslöv,,
,stockholm,,
,uppsala,,
,stockholm,,
,älvsbyn,,
,solna,,
,solna,,
,stockholm,,
,gothenburg,,
,stockholm,,
,gothenburg,,
,stockholm,,
,stockholm,,
,helsingborg,,
,haninge,,
,gothenburg,,
,linköping,,
,helsingborg,,
,trollhättan,,
,stockholm,,
,stockholm,,
,stockholm,,
,solna,,
,stockholm,,
,lund,,
,stockholm,,
,södertälje,,
,malmö,,
,stockholm,,
,lidköping,,
,stockholm,,
,malmö,,
,gothenburg,,
,stockholm,,
,gothenburg,,
,stockholm,,
,malmö,,
,stockholm,,
,stockholm,,
,gothenburg,,
,stockholm,,
,skellefteå,,
,gothenburg,,
,gothenburg,,
,gothenburg,,
,växjö,,
,gothenburg,,
,stockholm,,
,stockholm,,
,stockholm,,
,stockholm,,
,stockholm,,
,gothenburg,,
,gothenburg,,
,eskilstuna,,
,stockholm,,
,stockholm,,
,nyköping,,
,stockholm,,
,stockholm,,
,stockholm,,
,stockholm,,
,stockholm,,
,stockholm,,
,solna,,
,gothenburg,,
,stockholm,,
,stockholm,,
,stockholm,,
,malmö,,
,stockholm,,
,malmö,,
,stockholm,,
,stockholm,,
,lund,,
,lund/pully,,
,hillerstorp,,
,stockholm,,
,stockholm,,
,trelleborg,,
,stockholm,,
,stockholm,,
,stockholm,,
,stockholm,,
,hagfors,,
,umeå,,
,stockholm,,
,stockholm,,
,södertälje,,
,stockholm,,
,alvesta,,
,gothenburg,,
,gothenburg,,
,gothenburg,,
,skövde,,
,gothenburg,,
,huskvarna,,
,stockholm,,
,skellefteå,,
,stockholm,,
,stockholm,,
,malmö,,
,stockholm,,
,stockholm,,
