05-MalPatSaj-name,07-silvestri-name,08-slytherin-name
berkshire hathaway,berkshire hathaway,berkshire hathaway
icbc,icbc,icbc
saudi arabian oil company (saudi aramco),saudi arabian oil company (saudi aramco),saudi arabian oil company (saudi aramco)
jpmorgan chase,jpmorgan chase,jpmorgan chase
china construction bank,china construction bank,china construction bank
amazon,amazon,amazon
apple,apple,apple
agricultural bank of china,agricultural bank of china,agricultural bank of china
bank of america,bank of america,bank of america
toyota motor,toyota motor,toyota motor
alphabet,alphabet,alphabet
microsoft,microsoft,microsoft
bank of china,bank of china,bank of china
samsung group,samsung group,samsung group
exxonmobil,exxonmobil,exxonmobil
shell,shell,shell
ping an insurance group,ping an insurance group,ping an insurance group
wells fargo,wells fargo,wells fargo
verizon communications,verizon communications,verizon communications
at&t,at&t,at&t
petrochina,petrochina,petrochina
unitedhealth group,unitedhealth group,unitedhealth group
walmart,walmart,walmart
china merchants bank,china merchants bank,china merchants bank
volkswagen group,volkswagen group,volkswagen group
chevron,chevron,chevron
citigroup,citigroup,citigroup
tencent holdings,tencent holdings,tencent holdings
total,total,total
postal savings bank of china (psbc),postal savings bank of china (psbc),postal savings bank of china (psbc)
china mobile,china mobile,china mobile
comcast,comcast,comcast
alibaba group,alibaba group,alibaba group
meta platforms,meta platforms,meta platforms
allianz,allianz,allianz
morgan stanley,morgan stanley,morgan stanley
goldman sachs group,goldman sachs group,goldman sachs group
hsbc holdings,hsbc holdings,hsbc holdings
bnp paribas,bnp paribas,bnp paribas
johnson & johnson,johnson & johnson,johnson & johnson
mercedes-benz group,mercedes-benz group,mercedes-benz group
cvs health,cvs health,cvs health
pfizer,pfizer,pfizer
softbank,softbank,softbank
sinopec,sinopec,sinopec
rbc,rbc,rbc
nestlé,nestlã©,nestlé
axa group,axa group,axa group
gazprom,gazprom,gazprom
bp,bp,bp
intel,intel,intel
td bank group,td bank group,td bank group
nippon telegraph & tel,nippon telegraph & tel,nippon telegraph & tel
reliance industries,reliance industries,reliance industries
industrial bank,industrial bank,industrial bank 
sony,sony,sony
santander,santander,santander
mitsubishi ufj financial,mitsubishi ufj financial,mitsubishi ufj financial
taiwan semiconductor,taiwan semiconductor,taiwan semiconductor
ford motor,ford motor,ford motor
lvmh moët hennessy louis vuitton,lvmh moã«t hennessy louis vuitton,lvmh moët hennessy louis vuitton
bank of communications,bank of communications,bank of communications
procter & gamble,procter & gamble,procter & gamble
bmw group,bmw group,bmw group
petrobras,petrobras,petrobras
deutsche telekom,deutsche telekom,deutsche telekom
abbvie,abbvie,abbvie
novartis,novartis,novartis
general motors,general motors,general motors
equinor,equinor,equinor
china life insurance,china life insurance,china life insurance
roche holding,roche holding,roche holding
aia group,aia group,aia group
metlife,metlife,metlife
bhp group,bhp group,bhp group
the home depot,the home depot,the home depot
american express,american express,american express
siemens,siemens,siemens
stellantis,stellantis,stellantis
zurich insurance group,zurich insurance group,zurich insurance group
rosneft,rosneft,rosneft
rio tinto,rio tinto,rio tinto
brookfield asset management,brookfield asset management,brookfield asset management
cigna,cigna,cigna
prudential financial,prudential financial,prudential financial
pepsico,pepsico,pepsico
merck & co.,merck & co.,merck & co.
elevance health,elevance health,elevance health
bank of nova scotia,bank of nova scotia,bank of nova scotia
american international group,american international group,american international group
glencore international,glencore international,glencore international
cisco systems,cisco systems,cisco systems
anheuser-busch inbev,anheuser-busch inbev,anheuser-busch inbev
walt disney,walt disney,walt disney
chubb,chubb,chubb
citic,citic,citic
lloyds banking group,lloyds banking group,lloyds banking group
ibm,ibm,ibm
sanofi,sanofi,sanofi 
united parcel service,united parcel service,united parcel service
british american tobacco,british american tobacco,british american tobacco
ubs,ubs,ubs
honda motor,honda motor,honda motor
mitsubishi,mitsubishi,mitsubishi
china state construction engineering,china state construction engineering,china state construction engineering
state bank of india,state bank of india,state bank of india
commonwealth bank,commonwealth bank,commonwealth bank
shanghai pudong development,shanghai pudong development,shanghai pudong development
raytheon technologies,raytheon technologies,raytheon technologies
enel,enel,enel
eni,eni,eni
capital one,capital one,capital one
bristol myers squibb,bristol myers squibb,bristol myers squibb
coca-cola,coca-cola,coca-cola
oracle,oracle,oracle
sberbank,sberbank,sberbank
bank of montreal,bank of montreal,bank of montreal
vale,vale,vale
edf,edf,edf 
thermo fisher scientific,thermo fisher scientific,thermo fisher scientific
credit agricole,credit agricole,credit agricole
airbus,airbus,airbus
costco wholesale,costco wholesale,costco wholesale
hon hai precision,hon hai precision,hon hai precision 
unilever,unilever,unilever
charter communications,charter communications,charter communications
sumitomo mitsui financial,sumitomo mitsui financial,sumitomo mitsui financial
conocophillips,conocophillips,conocophillips
glaxosmithkline,glaxosmithkline,glaxosmithkline
intesa sanpaolo,intesa sanpaolo,intesa sanpaolo
manulife,manulife,manulife
us bancorp,us bancorp,us bancorp
basf,basf,basf
cnooc,cnooc,cnooc
abbott laboratories,abbott laboratories,abbott laboratories
iberdrola,iberdrola,iberdrola
china shenhua energy,china shenhua energy,china shenhua energy
itaú unibanco holding,itaãº unibanco holding,itaú unibanco holding
caterpillar,caterpillar,caterpillar
mitsui,mitsui,mitsui
itochu,itochu,itochu
charles schwab,charles schwab,charles schwab
truist financial,truist financial,truist financial
enbridge,enbridge,enbridge
hitachi,hitachi,hitachi
kddi,kddi,kddi
hyundai motor,hyundai motor,hyundai motor
china citic bank,china citic bank,china citic bank
visa,visa,visa
target,target,target
bbva-banco bilbao vizcaya,bbva-banco bilbao vizcaya,bbva-banco bilbao vizcaya
tesla,tesla,tesla
deere & company,deere & company,deere & company
hdfc bank,hdfc bank,hdfc bank
barclays,barclays,barclays
munich re,munich re,munich re
japan post holdings,japan post holdings,japan post holdings
walgreens,walgreens,walgreens
danaher,danaher,danaher
generali group,generali group,generali group
møller-maersk,mã¸ller-maersk,møller-maersk
lowe's,lowe's,lowe's
fedex,fedex,fedex
deutsche post,deutsche post,deutsche post
pnc financial services,pnc financial services,pnc financial services
broadcom,broadcom,broadcom
lukoil,lukoil,lukoil
medtronic,medtronic,medtronic
sap,sap,sap
sk hynix,sk hynix,sk hynix
engie,engie,engie 
lockheed martin,lockheed martin,lockheed martin
blackrock,blackrock,blackrock
westpac banking group,westpac banking group,westpac banking group
duke energy,duke energy,duke energy
dell technologies,dell technologies,dell technologies
vinci,vinci,vinci
tokio marine holdings,tokio marine holdings,tokio marine holdings
américa móvil,amã©rica mã³vil,américa móvil
e.on,e.on,e.on
anglo american,anglo american,anglo american
banco bradesco,banco bradesco,banco bradesco
ing group,ing group,ing group
accenture,accenture,accenture
honeywell international,honeywell international,honeywell international
mizuho financial,mizuho financial,mizuho financial
linde,linde,linde
arcelormittal,arcelormittal,arcelormittal
canadian imperial bank,canadian imperial bank,canadian imperial bank
poly developments & holdings group,poly developments & holdings group,poly developments & holdings group
micron technology,micron technology,micron technology
anz,anz,anz
fubon financial,fubon financial,fubon financial
china telecom,china telecom,china telecom
hca healthcare,hca healthcare,hca healthcare
dow,dow,dow
telefónica,telefã³nica,telefónica
china vanke,china vanke,china vanke
nab - national australia bank,nab - national australia bank,nab - national australia bank
cathay financial,cathay financial,cathay financial
qualcomm,qualcomm,qualcomm
l'oréal,l'orã©al,l'oréal
allstate,allstate,allstate
saic motor,saic motor,saic motor
icici bank,icici bank,icici bank
china everbright bank,china everbright bank,china everbright bank
gilead sciences,gilead sciences,gilead sciences
china pacific insurance,china pacific insurance,china pacific insurance
nvidia,nvidia,nvidia
amgen,amgen,amgen
union pacific,union pacific,union pacific
dai-ichi life insurance,dai-ichi life insurance,dai-ichi life insurance
nike,nike,nike
takeda pharmaceutical,takeda pharmaceutical,takeda pharmaceutical
philip morris international,philip morris international,philip morris international
paypal,paypal,paypal
china resources land,china resources land,china resources land
oversea-chinese banking,oversea-chinese banking,oversea-chinese banking
midea group,midea group,midea group
travelers,travelers,travelers
eli lilly,eli lilly,eli lilly
mondelez international,mondelez international,mondelez international
mcdonald's,mcdonald's,mcdonald's
general electric,general electric,general electric
société générale,sociã©tã© gã©nã©rale,société générale
schneider electric,schneider electric,schneider electric
3m,3m,3m
aflac,aflac,aflac
oil & natural gas,oil & natural gas,oil & natural gas
southern company,southern company,southern company
deutsche bank,deutsche bank,deutsche bank
ptt,ptt,ptt 
ck hutchison,ck hutchison,ck hutchison
canadian natural resources,canadian natural resources,canadian natural resources
sun life financial,sun life financial,sun life financial
northrop grumman,northrop grumman,northrop grumman
archer daniels midland,archer daniels midland,archer daniels midland
marathon petroleum,marathon petroleum,marathon petroleum
china minsheng bank,china minsheng bank,china minsheng bank
legal & general group,legal & general group,legal & general group
netflix,netflix,netflix
progressive,progressive,progressive
longfor group holdings,longfor group holdings,longfor group holdings
dbs,dbs,dbs
cosco shipping,cosco shipping,cosco shipping
china communications construction,china communications construction,china communications construction
natwest group,natwest group,natwest group
exelon,exelon,exelon
humana,humana,humana
general dynamics,general dynamics,general dynamics
power corp of canada,power corp of canada,power corp of canada
qatar national bank,qatar national bank,qatar national bank
bayer,bayer,bayer 
kkr,kkr,kkr
country garden holdings,country garden holdings,country garden holdings
nextera energy,nextera energy,nextera energy
kb financial group,kb financial group,kb financial group
china railway group,china railway group,china railway group
hp,hp,hp
nordea bank,nordea bank,nordea bank
seven & i holdings,seven & i holdings,seven & i holdings
suncor energy,suncor energy,suncor energy
salesforce.com,salesforce.com,salesforce.com
air liquide,air liquide,air liquide
denso,denso,denso
bank of new york mellon,bank of new york mellon,bank of new york mellon
mastercard,mastercard,mastercard
banco do brasil,banco do brasil,banco do brasil
centene,centene,centene
hdfc,hdfc,hdfc
freeport-mcmoran,freeport-mcmoran,freeport-mcmoran
"merck kgaa, darmstadt, germany and its affiliates","merck kgaa, darmstadt, germany and its affiliates","merck kgaa, darmstadt, germany and its affiliates"
caixabank,caixabank,caixabank
abb,abb,abb
volvo group,volvo group,volvo group
occidental petroleum,occidental petroleum,occidental petroleum
national grid,national grid,national grid
mckesson,mckesson,mckesson
shinhan financial group,shinhan financial group,shinhan financial group
asml holding,asml holding,asml holding
nutrien,nutrien,nutrien
investor ab,investor ab,investor ab
kia,kia,kia
saint-gobain,saint-gobain,saint-gobain
novo nordisk,novo nordisk,novo nordisk
posco,posco,posco
diageo,diageo,diageo
royal ahold delhaize n.v.,royal ahold delhaize n.v.,royal ahold delhaize n.v.
picc,picc,picc
dominion energy,dominion energy,dominion energy
kroger,kroger,kroger
baoshan iron & steel,baoshan iron & steel,baoshan iron & steel
kweichow moutai,kweichow moutai,kweichow moutai
xiaomi,xiaomi,xiaomi  
bank of ningbo,bank of ningbo,bank of ningbo
ecopetrol,ecopetrol,ecopetrol
lyondellbasell industries,lyondellbasell industries,lyondellbasell industries
contemporary amperex technology,contemporary amperex technology,contemporary amperex technology
unicredit,unicredit,unicredit
amerisourcebergen,amerisourcebergen,amerisourcebergen
essilorluxottica,essilorluxottica,essilorluxottica
inditex,inditex,inditex
starbucks,starbucks,starbucks
nucor,nucor,nucor
intercontinentalexchange,intercontinentalexchange,intercontinentalexchange
tjx cos,tjx cos,tjx cos
kbc group,kbc group,kbc group
tesco,tesco,tesco
boe technology group,boe technology group,boe technology group
blackstone,blackstone,blackstone
american electric,american electric,american electric
macquarie group,macquarie group,macquarie group
marubeni,marubeni,marubeni
swiss re,swiss re,swiss re 
eog resources,eog resources,eog resources
cnp assurances,cnp assurances,cnp assurances
automatic data processing,automatic data processing,automatic data processing
phillips 66,phillips 66,phillips 66
tyson foods,tyson foods,tyson foods
repsol,repsol,repsol 
sumitomo,sumitomo,sumitomo
holcim,holcim,holcim
altria group,altria group,altria group
applied materials,applied materials,applied materials
daimler truck holding,daimler truck holding,daimler truck holding
zijin mining group,zijin mining group,zijin mining group
the saudi national bank,the saudi national bank,the saudi national bank
richemont,richemont,richemont
kering,kering,kering
saudi electricity,saudi electricity,saudi electricity
danone,danone,danone
nippon steel,nippon steel,nippon steel 
lg chem,lg chem,lg chem
discover financial services,discover financial services,discover financial services
couche tard,couche tard,couche tard
huaxia bank,huaxia bank,huaxia bank
nn group,nn group,nn group
fannie mae,fannie mae,fannie mae
fresenius,fresenius,fresenius
marsh & mclennan,marsh & mclennan,marsh & mclennan
ameriprise financial,ameriprise financial,ameriprise financial
becton dickinson,becton dickinson,becton dickinson
panasonic,panasonic,panasonic
ms&ad insurance,ms&ad insurance,ms&ad insurance
orix,orix,orix
citic securities,citic securities,citic securities
first abu dhabi bank,first abu dhabi bank,first abu dhabi bank
bce,bce,bce
schlumberger,schlumberger,schlumberger
texas instruments,texas instruments,texas instruments
bank rakyat indonesia (bri),bank rakyat indonesia (bri),bank rakyat indonesia (bri)
standard chartered,standard chartered,standard chartered
crh,crh,crh
bank of beijing,bank of beijing,bank of beijing
paramount,paramount,paramount
bank of jiangsu,bank of jiangsu,bank of jiangsu
dupont de nemours,dupont de nemours,dupont de nemours
gree electric appliances,gree electric appliances,gree electric appliances
indian oil,indian oil,indian oil
dollar general,dollar general,dollar general
kraft heinz company,kraft heinz company,kraft heinz company
wilmar international,wilmar international,wilmar international
freddie mac,freddie mac,freddie mac
hewlett packard enterprise,hewlett packard enterprise,hewlett packard enterprise
japan tobacco,japan tobacco,japan tobacco
poste italiane,poste italiane,poste italiane
united overseas bank,united overseas bank,united overseas bank
china unicom,china unicom,china unicom
valero energy,valero energy,valero energy
csx,csx,csx
danske bank,danske bank,danske bank
fortescue metals group,fortescue metals group,fortescue metals group
china railway construction,china railway construction,china railway construction
moderna,moderna,moderna
woolworths,woolworths,woolworths
anhui conch cement,anhui conch cement,anhui conch cement
adobe,adobe,adobe
hartford financial services,hartford financial services,hartford financial services
state street,state street,state street
al rajhi bank,al rajhi bank,al rajhi bank
power construction corporation of china,power construction corporation of china,power construction corporation of china
shin-etsu chemical,shin-etsu chemical,shin-etsu chemical
fiserv,fiserv,fiserv
regeneron pharmaceuticals,regeneron pharmaceuticals,regeneron pharmaceuticals
eneos holdings,eneos holdings,eneos holdings
tata consultancy services,tata consultancy services,tata consultancy services
sompo,sompo,sompo
omv group,omv group,omv group
swiss life holding,swiss life holding,swiss life holding
bank of shanghai,bank of shanghai,bank of shanghai
american tower,american tower,american tower
pioneer natural resources,pioneer natural resources,pioneer natural resources
sun hung kai properties,sun hung kai properties,sun hung kai properties
wanhua chemical group,wanhua chemical group,wanhua chemical group
sampo,sampo,sampo
china merchants shekou industrial zone holdings,china merchants shekou industrial zone holdings,china merchants shekou industrial zone holdings
haier smart home,haier smart home,haier smart home
eaton,eaton,eaton
sk,sk,sk
johnson controls international,johnson controls international,johnson controls international
jbs,jbs,jbs
saudi telecom,saudi telecom,saudi telecom
jardine matheson,jardine matheson,jardine matheson
canadian national railway,canadian national railway,canadian national railway
stryker,stryker,stryker
nokia,nokia,nokia
mitsubishi electric,mitsubishi electric,mitsubishi electric
nissan motor,nissan motor,nissan motor
tata steel,tata steel,tata steel
heineken,heineken,heineken
bae systems,bae systems,bae systems
etisalat,etisalat,etisalat
bt group,bt group,bt group
ctbc financial,ctbc financial,ctbc financial
novatek,novatek,novatek
greenland holdings group,greenland holdings group,greenland holdings group
rwe group,rwe group,rwe group
daikin industries,daikin industries,daikin industries
aegon,aegon,aegon
baidu,baidu,baidu
ericsson,ericsson,ericsson
canon,canon,canon
lennar,lennar,lennar
bank of nanjing,bank of nanjing,bank of nanjing
philips,philips,philips
keurig dr pepper,keurig dr pepper,keurig dr pepper
china yangtze power,china yangtze power,china yangtze power
dnb bank,dnb bank,dnb bank
emerson electric,emerson electric,emerson electric
imperial brands,imperial brands,imperial brands
boeing,boeing,boeing
general mills,general mills,general mills
axis bank,axis bank,axis bank
national bank of canada,national bank of canada,national bank of canada
the estée lauder companies,the estã©e lauder companies,the estée lauder companies
cnh industrial,cnh industrial,cnh industrial
fairfax financial,fairfax financial,fairfax financial
adidas,adidas,adidas
michelin group,michelin group,michelin group
norfolk southern,norfolk southern,norfolk southern
principal financial group,principal financial group,principal financial group
sempra,sempra,sempra
fortum,fortum,fortum
grupo mexico,grupo mexico,grupo mexico
d.r. horton,d.r. horton,d.r. horton
l3harris technologies,l3harris technologies,l3harris technologies
naspers,naspers,naspers
standard bank group,standard bank group,standard bank group
tc energy,tc energy,tc energy
norilsk nickel,norilsk nickel,norilsk nickel
naturgy energy group,naturgy energy group,naturgy energy group
waste management,waste management,waste management
henkel,henkel,henkel
mediatek,mediatek,mediatek
recruit holdings,recruit holdings,recruit holdings 
hengli petrochemical,hengli petrochemical,hengli petrochemical
xcel energy,xcel energy,xcel energy
corteva,corteva,corteva
synchrony financial,synchrony financial,synchrony financial
toyota tsusho,toyota tsusho,toyota tsusho
toyota industries,toyota industries,toyota industries
astrazeneca,astrazeneca,astrazeneca
sunac china holdings,sunac china holdings,sunac china holdings
china evergrande group,china evergrande group,china evergrande group
bridgestone,bridgestone,bridgestone
emirates nbd,emirates nbd,emirates nbd
daiwa house industry,daiwa house industry,daiwa house industry
jd.com,jd.com,jd.com
kinder morgan,kinder morgan,kinder morgan
china national building,china national building,china national building
fifth third bank,fifth third bank,fifth third bank
firstrand,firstrand,firstrand
carrefour,carrefour,carrefour
fujitsu,fujitsu,fujitsu
seb ab,seb ab,seb ab
surgutneftegas,surgutneftegas,surgutneftegas
new china life insurance,new china life insurance,new china life insurance
barrick gold,barrick gold,barrick gold
dsv panalpina,dsv panalpina,dsv panalpina
talanx,talanx,talanx
vodafone,vodafone,vodafone
nintendo,nintendo,nintendo
hana financial group,hana financial group,hana financial group
hyundai mobis,hyundai mobis,hyundai mobis
ntpc,ntpc,ntpc
maybank,maybank,maybank
cme group,cme group,cme group
taqa,taqa,taqa
pernod ricard,pernod ricard,pernod ricard
bank mandiri,bank mandiri,bank mandiri
femsa,femsa,femsa
paccar,paccar,paccar
consolidated edison,consolidated edison,consolidated edison
mitsui fudosan,mitsui fudosan,mitsui fudosan
evergreen marine corp. (taiwan),evergreen marine corp. (taiwan),evergreen marine corp. (taiwan)
komatsu,komatsu,komatsu
shaanxi coal industry,shaanxi coal industry,shaanxi coal industry
lenovo group,lenovo group,lenovo group
fast retailing,fast retailing,fast retailing
london stock exchange,london stock exchange,london stock exchange
vonovia,vonovia,vonovia
aviva,aviva,aviva
sherwin-williams,sherwin-williams,sherwin-williams
fujifilm holdings,fujifilm holdings,fujifilm holdings
intuit,intuit,intuit
lam research,lam research,lam research
erste group bank,erste group bank,erste group bank
lincoln national,lincoln national,lincoln national
carrier global,carrier global,carrier global
dish network,dish network,dish network
china coal energy,china coal energy,china coal energy
continental,continental,continental
vtb bank,vtb bank,vtb bank
murata manufacturing,murata manufacturing,murata manufacturing
larsen & toubro,larsen & toubro,larsen & toubro
ally financial,ally financial,ally financial
netease,netease,netease
bank central asia,bank central asia,bank central asia
volvo car,volvo car,volvo car
intact financial,intact financial,intact financial
orsted,orsted,orsted
cummins,cummins,cummins
williams,williams,williams
capgemini,capgemini,capgemini
prologis,prologis,prologis
thales,thales,thales
bouygues,bouygues,bouygues
banorte,banorte,banorte
ck asset holdings,ck asset holdings,ck asset holdings
orange,orange,orange
kuehne & nagel international,kuehne & nagel international,kuehne & nagel international
bunge,bunge,bunge
samsung life insurance,samsung life insurance,samsung life insurance
vmware,vmware,vmware
albertsons,albertsons,albertsons
crrc,crrc,crrc
cbre group,cbre group,cbre group
toshiba,toshiba,toshiba
samsung c&t,samsung c&t,samsung c&t
infosys,infosys,infosys
prudential,prudential,prudential
yankuang energy group,yankuang energy group,yankuang energy group
canadian pacific railway,canadian pacific railway,canadian pacific railway
loews,loews,loews
tokyo electron,tokyo electron,tokyo electron
lg electronics,lg electronics,lg electronics
csl,csl,csl
magna international,magna international,magna international
analog devices,analog devices,analog devices
kubota,kubota,kubota
air products & chemicals,air products & chemicals,air products & chemicals
newmont mining,newmont mining,newmont mining
te connectivity,te connectivity,te connectivity
aon,aon,aon
telus,telus,telus
dollar tree,dollar tree,dollar tree
keycorp,keycorp,keycorp
wtw,wtw,wtw
china zheshang bank,china zheshang bank,china zheshang bank
wesfarmers,wesfarmers,wesfarmers
suzuki motor,suzuki motor,suzuki motor
best buy,best buy,best buy
svb financial group,svb financial group,svb financial group
advanced micro devices,advanced micro devices,advanced micro devices
markel,markel,markel
muyuan foodstuff,muyuan foodstuff,muyuan foodstuff
kimberly-clark,kimberly-clark,kimberly-clark
swedbank,swedbank,swedbank
cognizant,cognizant,cognizant
corning,corning,corning
infineon technologies,infineon technologies,infineon technologies
citizens financial group,citizens financial group,citizens financial group
devon energy,devon energy,devon energy
asahi group holdings,asahi group holdings,asahi group holdings
jsw steel,jsw steel,jsw steel
lumen technologies,lumen technologies,lumen technologies
regions financial,regions financial,regions financial
svenska handelsbanken,svenska handelsbanken,svenska handelsbanken
raymond james financial,raymond james financial,raymond james financial
byd,byd,byd
illinois tool works,illinois tool works,illinois tool works
pinduoduo,pinduoduo,pinduoduo
activision blizzard,activision blizzard,activision blizzard
liberty global,liberty global,liberty global
colgate-palmolive,colgate-palmolive,colgate-palmolive
sse,sse,sse
nan ya plastics,nan ya plastics,nan ya plastics
vivendi,vivendi,vivendi
baxter international,baxter international,baxter international
fosun international,fosun international,fosun international
weichai power,weichai power,weichai power
fidelity national financial,fidelity national financial,fidelity national financial
parker-hannifin,parker-hannifin,parker-hannifin
vedanta limited,vedanta limited,vedanta limited
woori financial group,woori financial group,woori financial group
sysco,sysco,sysco
telstra,telstra,telstra
credit suisse group,credit suisse group,credit suisse group
rogers communications,rogers communications,rogers communications
m&t bank,m&t bank,m&t bank
boston scientific,boston scientific,boston scientific
edison international,edison international,edison international
financiere de l'odet,financiere de l'odet,financiere de l'odet
sumitomo mitsui trust,sumitomo mitsui trust,sumitomo mitsui trust
entergy,entergy,entergy
swisscom,swisscom,swisscom
enbw-energie baden,enbw-energie baden,enbw-energie baden
hikvision,hikvision,hikvision
nippon yusen,nippon yusen,nippon yusen
stanley black & decker,stanley black & decker,stanley black & decker
oneok,oneok,oneok
marriott international,marriott international,marriott international
warner bros. discovery,warner bros. discovery,warner bros. discovery
s.f. holding,s.f. holding,s.f. holding
delta air lines,delta air lines,delta air lines
bharat petroleum,bharat petroleum,bharat petroleum
halliburton,halliburton,halliburton
metallurgical corp of china,metallurgical corp of china,metallurgical corp of china
northern trust,northern trust,northern trust
heidelbergcement,heidelbergcement,heidelbergcement
china steel,china steel,china steel
eversource energy,eversource energy,eversource energy
sany heavy industry,sany heavy industry,sany heavy industry
hermès international,hermã¨s international,hermès international
international paper,international paper,international paper
koç holding,koã§ holding,koç holding
nidec,nidec,nidec
meituan,meituan,meituan 
kotak mahindra bank,kotak mahindra bank,kotak mahindra bank
teck resources,teck resources,teck resources
southwest airlines,southwest airlines,southwest airlines
deutsche boerse,deutsche boerse,deutsche boerse
labcorp,labcorp,labcorp
china tower corp.,china tower corp.,china tower corp.
inpex,inpex,inpex
coca-cola european partners,coca-cola european partners,coca-cola european partners
wuliangye yibin,wuliangye yibin,wuliangye yibin
shimao property holdings,shimao property holdings,shimao property holdings
idemitsu kosan,idemitsu kosan,idemitsu kosan
formosa petrochemical,formosa petrochemical,formosa petrochemical
crown castle international,crown castle international,crown castle international
firstenergy,firstenergy,firstenergy
rongsheng petrochemical,rongsheng petrochemical,rongsheng petrochemical
hindalco industries,hindalco industries,hindalco industries
bank of hangzhou,bank of hangzhou,bank of hangzhou
renault,renault,renault
international holding company,international holding company,international holding company
cincinnati financial,cincinnati financial,cincinnati financial
mitsubishi estate,mitsubishi estate,mitsubishi estate
cleveland-cliffs,cleveland-cliffs,cleveland-cliffs
grupo acs,grupo acs,grupo acs
cgn power,cgn power,cgn power
ase technology holding,ase technology holding,ase technology holding
jfe holdings,jfe holdings,jfe holdings
dte energy,dte energy,dte energy
china hongqiao group,china hongqiao group,china hongqiao group
nxp semiconductors,nxp semiconductors,nxp semiconductors
western digital,western digital,western digital
booking holdings,booking holdings,booking holdings
aeon,aeon,aeon
first republic bank,first republic bank,first republic bank
lufax holding,lufax holding,lufax holding
atlas copco,atlas copco,atlas copco
fidelity national information (fis),fidelity national information (fis),fidelity national information (fis)
mitsubishi chemical,mitsubishi chemical,mitsubishi chemical
edp-energias de portugal,edp-energias de portugal,edp-energias de portugal
kyocera,kyocera,kyocera
xiamen c&d,xiamen c&d,xiamen c&d
autozone,autozone,autozone
china taiping insurance,china taiping insurance,china taiping insurance
cenovus energy,cenovus energy,cenovus energy
neste,neste,neste
porsche automobil holding,porsche automobil holding,porsche automobil holding
h&m - hennes & mauritz,h&m - hennes & mauritz,h&m - hennes & mauritz
relx,relx,relx
pg&e,pg&e,pg&e
republic services,republic services,republic services
ross stores,ross stores,ross stores
wec energy group,wec energy group,wec energy group
cardinal health,cardinal health,cardinal health
carmax,carmax,carmax
china development financial,china development financial,china development financial
riyad bank,riyad bank,riyad bank
thomson reuters,thomson reuters,thomson reuters
transneft,transneft,transneft
ferguson,ferguson,ferguson
iqvia,iqvia,iqvia
hong kong exchanges,hong kong exchanges,hong kong exchanges
ppg,ppg,ppg 
legend holding,legend holding,legend holding
ecolab,ecolab,ecolab
sinopharm group,sinopharm group,sinopharm group
luxshare precision industry,luxshare precision industry,luxshare precision industry
seazen group,seazen group,seazen group
global payments,global payments,global payments
china energy engineering,china energy engineering,china energy engineering
safran,safran,safran
s&p global,s&p global,s&p global
huntington bank,huntington bank,huntington bank
arch capital group,arch capital group,arch capital group
jackson financial,jackson financial,jackson financial
bank leumi,bank leumi,bank leumi
trane technologies,trane technologies,trane technologies
veolia environnement,veolia environnement,veolia environnement
o'reilly automotive,o'reilly automotive,o'reilly automotive
biogen,biogen,biogen
publicis groupe,publicis groupe,publicis groupe
hanwha,hanwha,hanwha
the mosaic company,the mosaic company,the mosaic company
bharti airtel,bharti airtel,bharti airtel
daqin railway,daqin railway,daqin railway
uber,uber,uber
stmicroelectronics,stmicroelectronics,stmicroelectronics
gemdale,gemdale,gemdale
ageas,ageas,ageas
quanta computer,quanta computer,quanta computer
george weston,george weston,george weston
weyerhaeuser,weyerhaeuser,weyerhaeuser
korea electric power,korea electric power,korea electric power
fox,fox,fox
mitsubishi heavy industries,mitsubishi heavy industries,mitsubishi heavy industries
steel dynamics,steel dynamics,steel dynamics
keyence,keyence,keyence
longi green energy technology,longi green energy technology,longi green energy technology
reckitt benckiser group,reckitt benckiser group,reckitt benckiser group
coal india,coal india,coal india
aisin seiki,aisin seiki,aisin seiki
digital realty trust,digital realty trust,digital realty trust
tata motors,tata motors,tata motors
resona holdings,resona holdings,resona holdings
simon property group,simon property group,simon property group
industrial bank of korea,industrial bank of korea,industrial bank of korea
clp holdings,clp holdings,clp holdings
national bank of kuwait,national bank of kuwait,national bank of kuwait 
singtel,singtel,singtel
coinbase,coinbase,coinbase
centerpoint energy,centerpoint energy,centerpoint energy
saudi arabian mining,saudi arabian mining,saudi arabian mining
china cinda asset management,china cinda asset management,china cinda asset management
asahi kasei,asahi kasei,asahi kasei
nec,nec,nec
united airlines holdings,united airlines holdings,united airlines holdings
mgm resorts,mgm resorts,mgm resorts
dsm,dsm,dsm
telkom indonesia,telkom indonesia,telkom indonesia
pkn orlen,pkn orlen,pkn orlen
guotai junan securities,guotai junan securities,guotai junan securities
norsk hydro,norsk hydro,norsk hydro
formosa plastics,formosa plastics,formosa plastics
nrg energy,nrg energy,nrg energy
public bank,public bank,public bank
tcl,tcl,tcl 
huatai securities,huatai securities,huatai securities
kellogg,kellogg,kellogg
inner mongolia yili,inner mongolia yili,inner mongolia yili 
wpp,wpp,wpp
omnicom group,omnicom group,omnicom group
sekisui house,sekisui house,sekisui house
cheniere energy,cheniere energy,cheniere energy
sandvik,sandvik,sandvik
siam cement,siam cement,siam cement
east japan railway,east japan railway,east japan railway
abu dhabi commercial bank,abu dhabi commercial bank,abu dhabi commercial bank
huishang bank,huishang bank,huishang bank
great wall motor,great wall motor,great wall motor 
haitong securities,haitong securities,haitong securities
dongfeng motor group,dongfeng motor group,dongfeng motor group
china reinsurance group,china reinsurance group,china reinsurance group
henderson land,henderson land,henderson land
samsung sdi,samsung sdi,samsung sdi
fortis (canada),fortis (canada),fortis (canada)
sk telecom,sk telecom,sk telecom
hal trust,hal trust,hal trust
banco btg pactual,banco btg pactual,banco btg pactual
baker hughes company,baker hughes company,baker hughes company
gallagher,gallagher,gallagher
everest re group,everest re group,everest re group
amphenol,amphenol,amphenol
american airlines group,american airlines group,american airlines group
kla,kla,kla
astellas pharma,astellas pharma,astellas pharma
otsuka holding,otsuka holding,otsuka holding
china bohai bank,china bohai bank,china bohai bank
kasikornbank,kasikornbank,kasikornbank
bank hapoalim,bank hapoalim,bank hapoalim
woodside petroleum,woodside petroleum,woodside petroleum
mtr,mtr,mtr
tatneft,tatneft,tatneft
power finance,power finance,power finance
zoetis,zoetis,zoetis
lonza group,lonza group,lonza group
eiffage,eiffage,eiffage
sumitomo chemical,sumitomo chemical,sumitomo chemical
vertex pharmaceuticals,vertex pharmaceuticals,vertex pharmaceuticals
constellation energy,constellation energy,constellation energy
cifi holdings group,cifi holdings group,cifi holdings group
raiffeisen bank international,raiffeisen bank international,raiffeisen bank international
whirlpool,whirlpool,whirlpool
siemens energy,siemens energy,siemens energy
westrock,westrock,westrock
samsung fire & marine,samsung fire & marine,samsung fire & marine
us steel,us steel,us steel
upm-kymmene,upm-kymmene,upm-kymmene
formosa chemicals,formosa chemicals,formosa chemicals
sk innovation,sk innovation,sk innovation 
telia,telia,telia
t&d holdings,t&d holdings,t&d holdings
mapfre,mapfre,mapfre
hcl technologies,hcl technologies,hcl technologies
sumitomo realty,sumitomo realty,sumitomo realty
westlake chemical,westlake chemical,westlake chemical
apollo global management,apollo global management,apollo global management
united rentals,united rentals,united rentals
diamondback energy,diamondback energy,diamondback energy
otis worldwide,otis worldwide,otis worldwide
chongqing rural bank,chongqing rural bank,chongqing rural bank
ball,ball,ball
stora enso,stora enso,stora enso
yang ming marine transport,yang ming marine transport,yang ming marine transport
phoenix group holdings,phoenix group holdings,phoenix group holdings
wipro,wipro,wipro
power grid of india,power grid of india,power grid of india
absa group,absa group,absa group
novolipetsk steel,novolipetsk steel,novolipetsk steel
sumitomo electric,sumitomo electric,sumitomo electric
st. james's place,st. james's place,st. james's place
grasim industries,grasim industries,grasim industries
segro,segro,segro
mega financial holding,mega financial holding,mega financial holding
zhongsheng group holdings,zhongsheng group holdings,zhongsheng group holdings
shin kong financial,shin kong financial,shin kong financial
cms energy,cms energy,cms energy
quinenco,quinenco,quinenco
evonik industries,evonik industries,evonik industries
east money information,east money information,east money information  
qbe insurance group,qbe insurance group,qbe insurance group
tenaga nasional,tenaga nasional,tenaga nasional
naver,naver,naver
tdk,tdk,tdk
nomura,nomura,nomura
jinke property group,jinke property group,jinke property group
tokyo electric power,tokyo electric power,tokyo electric power
cdw,cdw,cdw
the hershey company,the hershey company,the hershey company
itc,itc,itc
pgnig group,pgnig group,pgnig group
mtn group,mtn group,mtn group
compass group,compass group,compass group
wr berkley,wr berkley,wr berkley
moody's,moody's,moody's
genuine parts,genuine parts,genuine parts
beijing-shanghai high-speed railway,beijing-shanghai high-speed railway,beijing-shanghai high-speed railway
aluminum corp of china,aluminum corp of china,aluminum corp of china
kansai electric power,kansai electric power,kansai electric power
public storage,public storage,public storage
china international travel service,china international travel service,china international travel service
sika,sika,sika
signature bank,signature bank,signature bank
t rowe price,t rowe price,t rowe price
international flavors & fragrances,international flavors & fragrances,international flavors & fragrances
atlantia,atlantia,atlantia
roper technologies,roper technologies,roper technologies
shanghai international port,shanghai international port,shanghai international port
daiichi sankyo,daiichi sankyo,daiichi sankyo
rakuten,rakuten,rakuten
franklin resources,franklin resources,franklin resources
bank of ireland,bank of ireland,bank of ireland
mitsui osk lines,mitsui osk lines,mitsui osk lines
saudi british bank,saudi british bank,saudi british bank
ameren,ameren,ameren
chunghwa telecom,chunghwa telecom,chunghwa telecom
assa abloy,assa abloy,assa abloy
zte,zte,zte
asr nederland,asr nederland,asr nederland
conagra brands,conagra brands,conagra brands
commerzbank,commerzbank,commerzbank
bajaj finserv,bajaj finserv,bajaj finserv 
hyundai steel,hyundai steel,hyundai steel
lg display,lg display,lg display
kt,kt,kt 
logan property holdings,logan property holdings,logan property holdings
public service enterprise group,public service enterprise group,public service enterprise group
en+ group international,en+ group international,en+ group international 
isbank,isbank,isbank
expeditors international,expeditors international,expeditors international
ternium,ternium,ternium
cez group,cez group,cez group
isuzu motors,isuzu motors,isuzu motors
renesas electronics,renesas electronics,renesas electronics
universal music group,universal music group,universal music group
unipol gruppo,unipol gruppo,unipol gruppo
sbi holdings,sbi holdings,sbi holdings
techtronic industries,techtronic industries,techtronic industries
ferrovial,ferrovial,ferrovial
cimb group holdings,cimb group holdings,cimb group holdings
kone,kone,kone
e-mart,e-mart,e-mart 
gf securities,gf securities,gf securities
china merchants securities,china merchants securities,china merchants securities
annaly capital management,annaly capital management,annaly capital management
coles group,coles group,coles group
central japan railway,central japan railway,central japan railway
sabanci holding,sabanci holding,sabanci holding
yuanta financial holding,yuanta financial holding,yuanta financial holding
antarchile,antarchile,antarchile
hmm,hmm,hmm
seagate technology,seagate technology,seagate technology
alleghany,alleghany,alleghany
guosen securities,guosen securities,guosen securities
avis budget group,avis budget group,avis budget group
jiangxi copper,jiangxi copper,jiangxi copper
mitsubishi ufj lease,mitsubishi ufj lease,mitsubishi ufj lease
sumitomo metal mining,sumitomo metal mining,sumitomo metal mining
asustek computer,asustek computer,asustek computer
associated british foods,associated british foods,associated british foods
china national nuclear power,china national nuclear power,china national nuclear power
china international capital,china international capital,china international capital
china molybdenum,china molybdenum,china molybdenum
equitable holdings,equitable holdings,equitable holdings
covestro,covestro,covestro
m&g,m&g,m&g
shopify,shopify,shopify
shanghai construction,shanghai construction,shanghai construction 
essity,essity,essity
ww grainger,ww grainger,ww grainger
canara bank,canara bank,canara bank
viatris,viatris,viatris
american water works,american water works,american water works
united microelectronics,united microelectronics,united microelectronics
vf,vf,vf
intuitive surgical,intuitive surgical,intuitive surgical
snam,snam,snam
vestas wind systems,vestas wind systems,vestas wind systems
subaru,subaru,subaru
jiangsu zhongnan construction group,jiangsu zhongnan construction group,jiangsu zhongnan construction group
carlsberg,carlsberg,carlsberg
builders firstsource,builders firstsource,builders firstsource
semiconductor manufacturing international,semiconductor manufacturing international,semiconductor manufacturing international
pko bank polski,pko bank polski,pko bank polski
enn energy holdings,enn energy holdings,enn energy holdings
wh group,wh group,wh group 
amcor,amcor,amcor
korea gas,korea gas,korea gas
jefferies financial,jefferies financial,jefferies financial 
severstal,severstal,severstal
alexandria real estate equities,alexandria real estate equities,alexandria real estate equities
julius baer group,julius baer group,julius baer group
sanlam,sanlam,sanlam
emaar properties,emaar properties,emaar properties
joint stock commercial bank for foreign trade of vietnam,joint stock commercial bank for foreign trade of vietnam,joint stock commercial bank for foreign trade of vietnam
motorola solutions,motorola solutions,motorola solutions
shanghai rural commercial bank,shanghai rural commercial bank,shanghai rural commercial bank
braskem,braskem,braskem
bank of baroda,bank of baroda,bank of baroda
s-oil,s-oil,s-oil
tractor supply,tractor supply,tractor supply
suncorp group,suncorp group,suncorp group
mol hungarian oil,mol hungarian oil,mol hungarian oil
aptiv,aptiv,aptiv
voya financial,voya financial,voya financial
gs holdings,gs holdings,gs holdings
gerdau (cosigua),gerdau (cosigua),gerdau (cosigua)
equity residential,equity residential,equity residential
qatar islamic bank,qatar islamic bank,qatar islamic bank
hormel foods,hormel foods,hormel foods
shenwan hongyuan group,shenwan hongyuan group,shenwan hongyuan group
reinsurance group of america,reinsurance group of america,reinsurance group of america
quest diagnostics,quest diagnostics,quest diagnostics
solvay,solvay,solvay
pembina pipeline,pembina pipeline,pembina pipeline
banque saudi fransi,banque saudi fransi,banque saudi fransi
smc,smc,smc
sasol,sasol,sasol
molson coors brewing,molson coors brewing,molson coors brewing
macy's,macy's,macy's
bancolombia,bancolombia,bancolombia
cintas,cintas,cintas
china international marine,china international marine,china international marine
huaneng power international,huaneng power international,huaneng power international
restaurant brands international,restaurant brands international,restaurant brands international
grupa pzu,grupa pzu,grupa pzu
kao,kao,kao 
agile group holdings,agile group holdings,agile group holdings
arrow electronics,arrow electronics,arrow electronics
shenzhen overseas,shenzhen overseas,shenzhen overseas
tenet healthcare,tenet healthcare,tenet healthcare
grupo aval,grupo aval,grupo aval
cp all,cp all,cp all
geely automobile holdings,geely automobile holdings,geely automobile holdings
centrica,centrica,centrica
dubai islamic bank,dubai islamic bank,dubai islamic bank
suzano papel e celulose,suzano papel e celulose,suzano papel e celulose
link reit,link reit,link reit
yum! brands,yum! brands,yum! brands
first quantum minerals,first quantum minerals,first quantum minerals
aercap holdings,aercap holdings,aercap holdings
first horizon,first horizon,first horizon
dentsu,dentsu,dentsu
molina healthcare,molina healthcare,molina healthcare
union bank of india,union bank of india,union bank of india
toray industries,,toray industries
block,,block
eletrobrás,,eletrobrás
china mengniu dairy,,china mengniu dairy
db insurance,,db insurance
e.sun financial,,e.sun financial
otp bank,,otp bank
sm investments,,sm investments
ebay,,ebay
edwards lifesciences,,edwards lifesciences
taiwan cooperative financial,,taiwan cooperative financial
constellation brands,,constellation brands
china jinmao,,china jinmao
fanuc,,fanuc
yango group,,yango group
legrand,,legrand
shanghai pharmaceuticals,,shanghai pharmaceuticals
agc,,agc
shaanxi construction engineering group,,shaanxi construction engineering group
hunan valin steel,,hunan valin steel
goodman group,,goodman group
ia financial corporation,,ia financial corporation
unum,,unum
anta sports products,,anta sports products
continental resources,,continental resources
bâloise group,,bâloise group
pegatron,,pegatron
jones lang lasalle,,jones lang lasalle
american financial group,,american financial group
daiwa securities,,daiwa securities
deutsche lufthansa,,deutsche lufthansa
invesco,,invesco
nasdaq,,nasdaq
schindler holding,,schindler holding
comerica,,comerica
mizrahi tefahot bank,,mizrahi tefahot bank
bio-rad laboratories,,bio-rad laboratories
industries qatar,,industries qatar
kakao,,kakao
ashtead group,,ashtead group
punjab national bank,,punjab national bank
delta electronics,,delta electronics
alcon,,alcon
td synnex,,td synnex
antofagasta,,antofagasta
pultegroup,,pultegroup
wan hai lines,,wan hai lines
equinix,,equinix
reliance steel,,reliance steel
ptt global chemical,,ptt global chemical
bankinter,,bankinter
teva pharmaceutical,,teva pharmaceutical
c.h. robinson,,c.h. robinson
verbund,,verbund
zions bancorp,,zions bancorp
bank of chengdu,,bank of chengdu
3i group,,3i group
alinma bank,,alinma bank
jde peet's,,jde peet's
cosmo energy holdings,,cosmo energy holdings
risesun real estate development,,risesun real estate development
uni-president,,uni-president
mahindra & mahindra,,mahindra & mahindra
telenor,,telenor
ucb,,ucb
interpublic group,,interpublic group
akzo nobel,,akzo nobel
celanese,,celanese
avalonbay communities,,avalonbay communities
randstad n.v.,,randstad n.v.
sibanye stillwater,,sibanye stillwater
first financial holding,,first financial holding
microchip technology,,microchip technology
flex,,flex
liberty media corporation series a liberty formula one,,liberty media corporation series a liberty formula one
agilent technologies,,agilent technologies
guangzhou automobile group,,guangzhou automobile group
rosseti,,rosseti
beijing shougang,,beijing shougang
cgi,,cgi
csc financial,,csc financial
thyssenkrupp group,,thyssenkrupp group
shenzhen mindray bio-medical electronics,,shenzhen mindray bio-medical electronics
hoya,,hoya
tongwei,,tongwei
kuwait finance house,,kuwait finance house
grupo bimbo,,grupo bimbo
lkq,,lkq
chubu electric power,,chubu electric power
lithia motors,,lithia motors
swire pacific,,swire pacific
unicaja banco,,unicaja banco
mazda motor,,mazda motor
telecom italia,,telecom italia
china galaxy securities,,china galaxy securities
cnpc capital,,cnpc capital
china southern airlines,,china southern airlines
dassault systemes,,dassault systemes
gd power development,,gd power development
paychex,,paychex
genworth financial,,genworth financial
monster beverage,,monster beverage
china longyuan power,,china longyuan power
ovintiv,,ovintiv
bdo unibank,,bdo unibank
autonation,,autonation
china aoyuan group,,china aoyuan group
chesapeake energy,,chesapeake energy
j.b. hunt transport services,,j.b. hunt transport services
mediobanca,,mediobanca
credicorp,,credicorp
realty income,,realty income
beijing enterprises,,beijing enterprises
coterra energy,,coterra energy 
siam commercial bank,,siam commercial bank
nongfu spring,,nongfu spring
finatis,,finatis
greentown china holdings,,greentown china holdings
meritz financial group,,meritz financial group
tbea,,tbea
rockwell automation,,rockwell automation
west fraser timber co.,,west fraser timber co.
helvetia holding,,helvetia holding
chow tai fook jewellery,,chow tai fook jewellery
givaudan,,givaudan
polyus,,polyus
lululemon athletica,,lululemon athletica
bath & body works,,bath & body works
jabil circuit,,jabil circuit
innolux,,innolux
partners group holding,,partners group holding
luzhou lao jiao,,luzhou lao jiao
scor,,scor
dover,,dover
east west bancorp,,east west bancorp
j sainsbury,,j sainsbury
kaisa group holdings,,kaisa group holdings
china huarong asset management,,china huarong asset management
au optronics,,au optronics
ulta beauty,,ulta beauty
korea investment holdings,,korea investment holdings
itaúsa,,itaúsa
baic motor,,baic motor
cellnex telecom,,cellnex telecom
aes,,aes
evraz group,,evraz group
leonardo,,leonardo
impala platinum holdings,,impala platinum holdings
lotte chemical,,lotte chemical
foshan haitian flavouring and food,,foshan haitian flavouring and food
rolls-royce holdings,,rolls-royce holdings
sodexo,,sodexo
altice usa,,altice usa
bank negara indonesia,,bank negara indonesia
davita,,davita
old mutual,,old mutual
yum china holdings,,yum china holdings
penske automotive,,penske automotive
yamaha motor,,yamaha motor
kingfisher,,kingfisher
storebrand,,storebrand
darden restaurants,,darden restaurants
hess,,hess
cj corporation,,cj corporation
falabella,,falabella
coupang,,coupang
capitaland investment,,capitaland investment
fastighets balder,,fastighets balder
welltower,,welltower
kajima,,kajima
steel authority of india,,steel authority of india
caesars entertainment,,caesars entertainment
new world development,,new world development
textron,,textron
cemex,,cemex
hexagon,,hexagon 
zim integrated shipping services,,zim integrated shipping services
china national chemical,,china national chemical
fastenal,,fastenal
chongqing zhifei biological products,,chongqing zhifei biological products
secom,,secom
angang steel,,angang steel
sto express,,sto express
zoom video communications,,zoom video communications
magnitogorsk iron & steel,,magnitogorsk iron & steel
nvr,,nvr
evergy,,evergy
alpha dhabi holding,,alpha dhabi holding
kirin holdings,,kirin holdings
bank of changsha,,bank of changsha
voestalpine,,voestalpine
china resources pharmaceutical group,,china resources pharmaceutical group
kuaishou technology,,kuaishou technology
bbmg,,bbmg
suning.com,,suning.com
national bank of greece,,national bank of greece
targa resources,,targa resources
olympus,,olympus
umicore,,umicore
expedia group,,expedia group
hua nan financial,,hua nan financial
jiangsu yanghe brewery,,jiangsu yanghe brewery
kerry group,,kerry group
beiersdorf,,beiersdorf
leidos,,leidos
eastman,,eastman
vistra energy,,vistra energy
tohoku electric power,,tohoku electric power
banca mediolanum,,banca mediolanum
pge polska grupa energetyczna,,pge polska grupa energetyczna
transdigm group,,transdigm group
experian,,experian
mirae asset financial group,,mirae asset financial group
eqt ab,,eqt ab
gail india,,gail india
inner mongolia baotou steel,,inner mongolia baotou steel
towngas,,towngas
on semiconductor corp.,,on semiconductor corp.
terna,,terna
carnival corporation,,carnival corporation
vici properties,,vici properties
chipotle mexican grill,,chipotle mexican grill
toppan printing,,toppan printing
shanghai electric group,,shanghai electric group
turkish airlines,,turkish airlines
ferrari,,ferrari
old republic international,,old republic international
jeronimo martins,,jeronimo martins
zimmer biomet,,zimmer biomet
alcoa,,alcoa
santos,,santos
alstom,,alstom
kyushu electric power,,kyushu electric power
goodyear,,goodyear
tenaris,,tenaris
bluescope steel,,bluescope steel
petronas chemicals,,petronas chemicals
illumina,,illumina
synopsys,,synopsys
datang international power,,datang international power
top frontier investment holdings,,top frontier investment holdings
arkema,,arkema
nippon paint,,nippon paint
kobe steel,,kobe steel
bank of greece,,bank of greece
bank of guiyang,,bank of guiyang
hd hyundai,,hd hyundai
royal mail,,royal mail
eurofins scientific societe europeenne,,eurofins scientific societe europeenne
lundbergs,,lundbergs
guangzhou r&f,,guangzhou r&f
china gas holdings,,china gas holdings
shanxi xinghuacun fen wine factory,,shanxi xinghuacun fen wine factory
hologic,,hologic
western alliance bancorp.,,western alliance bancorp.
wuchan zhongda group,,wuchan zhongda group
metro,,metro
raizen,,raizen
old dominion freight line,,old dominion freight line
israel discount bank,,israel discount bank
bangkok bank,,bangkok bank
akbank,,akbank
mitsui chemicals,,mitsui chemicals
midea real estate holding,,midea real estate holding
sharp,,sharp
kpn,,kpn
kohl's,,kohl's
chongqing changan auto,,chongqing changan auto
canadian tire,,canadian tire
vienna insurance group,,vienna insurance group
new hope liuhe,,new hope liuhe
sichuan road & bridge,,sichuan road & bridge
copart,,copart
dick's sporting goods,,dick's sporting goods
jiangsu hengrui medicine,,jiangsu hengrui medicine
universal health services,,universal health services
grupo inbursa,,grupo inbursa
dongguan rural commercial bank,,dongguan rural commercial bank
dassault aviation,,dassault aviation
yara international,,yara international
banco de sabadell,,banco de sabadell
olam group,,olam group
wuxi apptec,,wuxi apptec
popular,,popular
hydro one,,hydro one
sg holdings,,sg holdings
sojitz,,sojitz
goertek,,goertek
frontier communications parent,,frontier communications parent
samhallsbyggnadsbolaget i norden,,samhallsbyggnadsbolaget i norden
schaeffler,,schaeffler
migdal insurance,,migdal insurance
inter rao,,inter rao
nedbank,,nedbank
hopson development holdings,,hopson development holdings
ametek,,ametek
lg,,lg 
skanska,,skanska
hbis,,hbis
banco bpm,,banco bpm
china fortune land development,,china fortune land development
adyen,,adyen
air france-klm,,air france-klm
jacobs engineering,,jacobs engineering
china resources power,,china resources power
ppl,,ppl
aib group,,aib group
transurban group,,transurban group
tourmaline oil,,tourmaline oil
arab national bank,,arab national bank
marvell technology,,marvell technology
skyworks solutions,,skyworks solutions
arista networks,,arista networks
china three gorges renewables (group),,china three gorges renewables (group)
electronic arts,,electronic arts
flutter entertainment,,flutter entertainment
brighthouse financial,,brighthouse financial
international airlines,,international airlines
boliden,,boliden
cf industries holdings,,cf industries holdings
krung thai bank,,krung thai bank
didi global,,didi global
hyundai marine & fire,,hyundai marine & fire
csn,,csn
apa,,apa
ssab ab,,ssab ab
teleperformance,,teleperformance
campbell soup,,campbell soup
sofina,,sofina
bunzl,,bunzl
cj cheiljedang,,cj cheiljedang
magnit,,magnit
huadian power international,,huadian power international
nari technology development,,nari technology development
marathon oil,,marathon oil
eurazeo,,eurazeo
tokyo gas,,tokyo gas
guangzhou rural commercial bank,,guangzhou rural commercial bank
heimstaden ab pref. shs,,heimstaden ab pref. shs
keysight technologies,,keysight technologies
schroders,,schroders
stonex group,,stonex group
aurubis,,aurubis
garmin,,garmin
compal electronics,,compal electronics
enn natural gas,,enn natural gas
phoenix holdings,,phoenix holdings
mccormick,,mccormick
indian bank,,indian bank
idexx laboratories,,idexx laboratories
smurfit kappa group,,smurfit kappa group
xinjiang daqo new energy,,xinjiang daqo new energy
halkbank,,halkbank
waste connections,,waste connections
swatch group,,swatch group
south32,,south32
china overseas grand oceans group,,china overseas grand oceans group
tokyo century,,tokyo century
japan exchange group,,japan exchange group
terumo,,terumo
leg immobilien ag,,leg immobilien ag
sun pharma industries,,sun pharma industries
brown-forman,,brown-forman
assurant,,assurant
ajinomoto,,ajinomoto
indorama ventures,,indorama ventures
taishin financial holdings,,taishin financial holdings
zoomlion heavy industry,,zoomlion heavy industry
xcmg construction machinery,,xcmg construction machinery
powerlong real estate,,powerlong real estate 
yuexiu property,,yuexiu property 
sonic healthcare,,sonic healthcare
netapp,,netapp
wolters kluwer,,wolters kluwer
galp energia,,galp energia
nexon,,nexon
royal caribbean group,,royal caribbean group
extra space storage,,extra space storage
shengjing bank,,shengjing bank
x5 retail group,,x5 retail group
cadence design,,cadence design
vakifbank,,vakifbank
agco,,agco
shanxi taigang stainless,,shanxi taigang stainless
grupo elektra,,grupo elektra
sdic power holdings,,sdic power holdings
zhongliang holdings,,zhongliang holdings 
wuestenrot & wuerttembergische,,wuestenrot & wuerttembergische
msci,,msci
bper banca,,bper banca
obayashi,,obayashi
bnk financial group,,bnk financial group
oji holdings,,oji holdings
spotify technology,,spotify technology
coloplast,,coloplast
brenntag,,brenntag
wens foodstuff group,,wens foodstuff group
first american financial,,first american financial
euronext,,euronext
masraf al rayan,,masraf al rayan
mercadolibre,,mercadolibre
packaging corp of america,,packaging corp of america
mitsubishi materials,,mitsubishi materials
wharf real estate investment,,wharf real estate investment
berry global group,,berry global group
maanshan iron & steel,,maanshan iron & steel
perkinelmer,,perkinelmer
navient,,navient
rtl group,,rtl group
kesko,,kesko
samsung securities,,samsung securities
quanta services,,quanta services
beijing capital development,,beijing capital development
far east horizon,,far east horizon
faurecia,,faurecia
indian railway finance,,indian railway finance
liberty broadband,,liberty broadband
xiamen international trade group,,xiamen international trade group
airbnb,,airbnb
china grand automotive services,,china grand automotive services
china eastern airlines,,china eastern airlines
adecco,,adecco
agnc investment,,agnc investment
westinghouse air brake technologies,,westinghouse air brake technologies
kawasaki kisen kaisha,,kawasaki kisen kaisha
empire,,empire
guangdong haid group,,guangdong haid group
shimano,,shimano
attijariwafa bank,,attijariwafa bank
chailease holding,,chailease holding
henry schein,,henry schein
epiroc,,epiroc
suntory beverage & food,,suntory beverage & food
mettler-toledo international,,mettler-toledo international
wendel,,wendel
osaka gas,,osaka gas
thor industries,,thor industries
williams-sonoma,,williams-sonoma
xiamen xiangyu,,xiamen xiangyu
rivian,,rivian
kion group,,kion group
sino-ocean group holding,,sino-ocean group holding
olin,,olin
kimco realty,,kimco realty
bank of chongqing,,bank of chongqing
fortinet,,fortinet
church & dwight,,church & dwight
wistron,,wistron
servicenow,,servicenow
align technology,,align technology
mohawk industries,,mohawk industries
ss&c technologies,,ss&c technologies
adani enterprises,,adani enterprises
advance auto parts,,advance auto parts
west japan railway,,west japan railway
franco-nevada,,franco-nevada
unicharm,,unicharm
xp,,xp
duke realty,,duke realty
valeo,,valeo
avic capita,,avic capita
ahli united bank,,ahli united bank
ugi,,ugi
teradyne,,teradyne
avery dennison,,avery dennison
sgs,,sgs
covivio,,covivio
first citizens bank (nc),,first citizens bank (nc)
ningxia baofeng energy group,,ningxia baofeng energy group
metalurgica gerdau,,metalurgica gerdau
charoen pokphand foods,,charoen pokphand foods
indusind bank,,indusind bank
orient securities,,orient securities
brookfield renewable,,brookfield renewable
verisk analytics,,verisk analytics
ventas,,ventas
cooper companies,,cooper companies
erdemir,,erdemir
gartner,,gartner
slm,,slm
atmos energy,,atmos energy
bci-banco credito,,bci-banco credito
lotte shopping,,lotte shopping
china cssc holdings,,china cssc holdings
synovus,,synovus
iida group holdings,,iida group holdings
thai beverage,,thai beverage
equifax,,equifax
kingspan group plc,,kingspan group plc
newcrest mining,,newcrest mining
kerry properties,,kerry properties
globe life,,globe life
bank of jinzhou,,bank of jinzhou
bank of east asia,,bank of east asia
marfrig global foods,,marfrig global foods
vipshop holdings,,vipshop holdings
acciona,,acciona
hilton,,hilton
sinotruk hong kong,,sinotruk hong kong
borgwarner,,borgwarner
nu holdings,,nu holdings
adient,,adient
unibail-rodamco,,unibail-rodamco
zebra technologies,,zebra technologies
verisign,,verisign
kakaobank,,kakaobank
hyundai glovis,,hyundai glovis
a2a,,a2a
jm smucker,,jm smucker
incyte,,incyte
geberit,,geberit
zhongyuan bank,,zhongyuan bank
performance food group,,performance food group
advanced info service,,advanced info service
martin marietta materials,,martin marietta materials
boston properties,,boston properties
kghm polska miedz,,kghm polska miedz
agility,,agility
fukuoka financial group,,fukuoka financial group
wharf (holdings),,wharf (holdings)
amerco,,amerco
gecina,,gecina
mondi,,mondi
halyk bank,,halyk bank
bank of india,,bank of india
rhb bank,,rhb bank
commercial bank of qatar,,commercial bank of qatar 
virgin money uk,,virgin money uk
las vegas sands,,las vegas sands
us foods,,us foods
fleetcor technologies,,fleetcor technologies 
nitori holdings,,nitori holdings
sonova holding,,sonova holding
keppel,,keppel
crown holdings,,crown holdings
rexel,,rexel
alliant energy,,alliant energy
sinopac financial,,sinopac financial
b3,,b3
shiseido,,shiseido
china nuclear engineering corporation,,china nuclear engineering corporation
ingersoll rand,,ingersoll rand
mebuki financial group,,mebuki financial group
concordia financial group,,concordia financial group
weg,,weg
wheaton precious metals,,wheaton precious metals
aroundtown,,aroundtown 
medipal holdings,,medipal holdings
phosagro,,phosagro
huafa industrial,,huafa industrial
tongkun group,,tongkun group
scentre group,,scentre group
nippon express holdings,,nippon express holdings
taisei,,taisei
kumho petrochemical,,kumho petrochemical
globalfoundries,,globalfoundries
atlassian,,atlassian
all nippon airways,,all nippon airways
chiba bank,,chiba bank
vietin bank,,vietin bank
eqt,,eqt
west pharmaceutical services,,west pharmaceutical services
china everbright international,,china everbright international
hoa phat group,,hoa phat group
nine dragons paper holdings,,nine dragons paper holdings
adani ports & special economic zone,,adani ports & special economic zone
bank of guizhou,,bank of guizhou
new residential investment,,new residential investment
kingdom holding,,kingdom holding
adani green energy,,adani green energy
fortive,,fortive
rocket companies,,rocket companies
banca mps,,banca mps
knorr-bremse,,knorr-bremse
hna technology,,hna technology
oriental land,,oriental land
news corp,,news corp
china resources gas group,,china resources gas group
momentum metropolitan holdings,,momentum metropolitan holdings
royalty pharma,,royalty pharma
avantor,,avantor
onemain holdings,,onemain holdings
vulcan materials,,vulcan materials
hokuhoku financial group,,hokuhoku financial group
kiwoom securities,,kiwoom securities
palo alto networks,,palo alto networks
chugoku electric power,,chugoku electric power
dxc technology,,dxc technology
metro group,,metro group
shionogi,,shionogi
snowflake,,snowflake
owens corning,,owens corning
harel insurance investments & financial services,,harel insurance investments & financial services
inner mongolia yitai coal,,inner mongolia yitai coal
nh investment & securities,,nh investment & securities
quilter,,quilter
hf sinclair,,hf sinclair
korea shipbuilding & offshore engineering,,korea shipbuilding & offshore engineering
samsung electro-mechanics,,samsung electro-mechanics
invitation homes,,invitation homes
zto express (cayman),,zto express (cayman)
tingyi holding,,tingyi holding
workday,,workday
shizuoka bank,,shizuoka bank
check point software,,check point software
commercial bank for investment & development of vietnam,,commercial bank for investment & development of vietnam
qorvo,,qorvo
kaspi.kz jsc,,kaspi.kz jsc
stifel financial,,stifel financial
ypf,,ypf 
bank albilad,,bank albilad
evolution gaming group ab,,evolution gaming group ab
"lg innotek co.,",,"lg innotek co.,"
nisource,,nisource
ab sagax,,ab sagax
sdic capital,,sdic capital
hachijuni bank,,hachijuni bank
"sumitomo forestry co.,",,"sumitomo forestry co.,"
kyushu financial group,,kyushu financial group
trip.com group,,trip.com group
china northern rare earth high-tech,,china northern rare earth high-tech
snap,,snap
k+s,,k+s
bank of tianjin,,bank of tianjin
investec,,investec
nishi-nippon financial holdings,,nishi-nippon financial holdings
commercial international bank,,commercial international bank
nortonlifelock,,nortonlifelock
crowdstrike,,crowdstrike
japan securities,,japan securities
clal insurance enterprises,,clal insurance enterprises 
xinyu iron & steel,,xinyu iron & steel
interactive brokers group,,interactive brokers group
sino biopharmaceutical,,sino biopharmaceutical
lg household & health care,,lg household & health care
dai nippon printing,,dai nippon printing
north pacific bank,,north pacific bank
aena,,aena
nitto denko,,nitto denko
world fuel services,,world fuel services
akelius residential property,,akelius residential property
hong leong financial,,hong leong financial
bank of kyoto,,bank of kyoto
meritz securities,,meritz securities
shinsei bank,,shinsei bank
china development bank financial leasing,,china development bank financial leasing
bok financial,,bok financial
yamaguchi financial,,yamaguchi financial
china communications services,,china communications services
ganfeng lithium,,ganfeng lithium
usiminas,,usiminas
banco comercial portugues,,banco comercial portugues
new york community bancorp,,new york community bancorp
castellum,,castellum
wacker chemie,,wacker chemie
rajesh exports,,rajesh exports
bawag group,,bawag group
sinotrans ltd.,,sinotrans ltd.
will semiconductor,,will semiconductor
dexcom,,dexcom
cpi property group,,cpi property group
harbin bank,,harbin bank
kingboard holdings,,kingboard holdings
autodesk,,autodesk
china shipbuilding industry,,china shipbuilding industry
ceconomy,,ceconomy
hirogin holdings,,hirogin holdings
twitter,,twitter
jyske bank,,jyske bank
hengyi petrochemical,,hengyi petrochemical 
cerner,,cerner
gunma bank,,gunma bank
sahara international petrochemical,,sahara international petrochemical
bank of zhengzhou,,bank of zhengzhou
china merchants port holdings,,china merchants port holdings
wpg holdings,,wpg holdings
sunny optical technology group,,sunny optical technology group
zheshang development group,,zheshang development group
bank pekao,,bank pekao
singapore airlines,,singapore airlines
united natural foods,,united natural foods
uniqa,,uniqa
next,,next
china resources beer (holdings),,china resources beer (holdings)
strabag,,strabag
asian paints,,asian paints
chang hwa bank,,chang hwa bank
huntsman,,huntsman
doosan,,doosan
sba communications,,sba communications
datadog,,datadog
lg uplus,,lg uplus
organon,,organon
pbf energy,,pbf energy
iveco group,,iveco group
arca continental,,arca continental
shanghai commercial & savings bank,,shanghai commercial & savings bank
piraeus financial holdings,,piraeus financial holdings
daishi hokuetsu financial group,,daishi hokuetsu financial group
resmed,,resmed
bj's wholesale club,,bj's wholesale club
pvh,,pvh
77 bank,,77 bank
petro rabigh,,petro rabigh
adani transmission,,adani transmission
zalando,,zalando
eurobank ergasias,,eurobank ergasias
pool,,pool
chugoku bank,,chugoku bank
m3,,m3
sumec corporation,,sumec corporation
aramark,,aramark
china industrial securities,,china industrial securities
focus media information technology,,focus media information technology
ramsay health care,,ramsay health care
cullen/frost bankers,,cullen/frost bankers
live nation entertainment,,live nation entertainment
emera,,emera
hoshine silicon industry,,hoshine silicon industry
qinghai salt lake industry,,qinghai salt lake industry
starwood property trust,,starwood property trust
nexi s.p.a.,,nexi s.p.a.
aecom technology,,aecom technology
alpha bank,,alpha bank
baywa,,baywa
sqm,,sqm
fmc,,fmc
shaw communications,,shaw communications
bausch health companies,,bausch health companies
tech mahindra,,tech mahindra
var energi asa,,var energi asa
bank of qingdao,,bank of qingdao
mitsubishi motors,,mitsubishi motors
moscow exchange,,moscow exchange
rite aid,,rite aid
waters,,waters
li ning,,li ning
abu dhabi islamic bank,,abu dhabi islamic bank
jiangxi bank,,jiangxi bank
mercuries & associates,,mercuries & associates
beigene,,beigene
pan pacific international holdings,,pan pacific international holdings
exor,,exor
daito trust construction,,daito trust construction
synnex technology intl,,synnex technology intl
adani total gas,,adani total gas
wuxi biologics,,wuxi biologics
johnson matthey,,johnson matthey
bayan resources,,bayan resources
burlington stores,,burlington stores
credito emiliano,,credito emiliano
alfresa holdings,,alfresa holdings
bandai namco holdings,,bandai namco holdings
faw jiefang group,,faw jiefang group
constellation software,,constellation software
bajaj auto,,bajaj auto
chewy,,chewy
shandong hualu-hengsheng chemical,,shandong hualu-hengsheng chemical
avenue supermarts,,avenue supermarts
lindt & sprungli,,lindt & sprungli
skf group,,skf group
iyo bank,,iyo bank
juroku  financial group,,juroku  financial group
akamai technologies,,akamai technologies
ems-chemie holding,,ems-chemie holding
medical properties trust,,medical properties trust
taiwan business bank,,taiwan business bank
zhejiang chint electrics,,zhejiang chint electrics
newell brands,,newell brands
first pacific,,first pacific
bank of jiujiang,,bank of jiujiang
dgb financial group,,dgb financial group
power assets holdings,,power assets holdings
xinyi glass holdings,,xinyi glass holdings
toll brothers,,toll brothers
pik group,,pik group
foot locker,,foot locker
bank of suzhou,,bank of suzhou
hyundai engineering,,hyundai engineering
american equity investment,,american equity investment
advantest,,advantest
avnet,,avnet
hyakugo bank,,hyakugo bank
lucid motors,,lucid motors
cspc pharmaceutical group,,cspc pharmaceutical group
atos,,atos
manpower,,manpower
hotai motor,,hotai motor
smoore international holdings,,smoore international holdings
clorox,,clorox
dcc,,dcc
gjensidige forsikring,,gjensidige forsikring
ford otosan,,ford otosan
bank of queensland,,bank of queensland
fortune brands home & security,,fortune brands home & security
lear,,lear
service corp intl,,service corp intl
korea zinc,,korea zinc
qingdao rural commercial bank,,qingdao rural commercial bank
tosoh,,tosoh
doordash,,doordash
cloudflare,,cloudflare
jointown pharmaceutical group,,jointown pharmaceutical group
showa denko,,showa denko
kawasaki heavy industries,,kawasaki heavy industries
deutsche pfandbriefbank,,deutsche pfandbriefbank
nio,,nio
ultrapar participacoes,,ultrapar participacoes
american national group,,american national group
ogaki kyoritsu bank,,ogaki kyoritsu bank
bendigo & adelaide bank,,bendigo & adelaide bank
tongling nonferrous metals,,tongling nonferrous metals
electric power development,,electric power development
salzgitter,,salzgitter
suzuken,,suzuken
shiga bank,,shiga bank
sartorius,,sartorius
tsim sha tsui properties,,tsim sha tsui properties
qilu bank,,qilu bank
horizon therapeutics public limited company,,horizon therapeutics public limited company
prysmian,,prysmian
crescent point energy,,crescent point energy
info edge india,,info edge india
finecobank,,finecobank
hubei biocause pharmaceutical,,hubei biocause pharmaceutical
icon (ireland),,icon (ireland)
yunnan copper co. ltd.,,yunnan copper co. ltd.
booz allen hamilton holding,,booz allen hamilton holding
red eléctrica,,red eléctrica
senshu ikeda holdings,,senshu ikeda holdings
banca popolare di sondrio,,banca popolare di sondrio
zhejiang expressway co. ltd.,,zhejiang expressway co. ltd.
wsp,,wsp
lpl financial holdings,,lpl financial holdings
mid-america apartment communities,,mid-america apartment communities
titan (india),,titan (india)
beijing oriental yuhong waterproof technology,,beijing oriental yuhong waterproof technology
sistema,,sistema
wayfair,,wayfair
zscaler,,zscaler
dangote cement,,dangote cement
ricoh,,ricoh
trade desk,,trade desk
chr. hansen holding,,chr. hansen holding
jd sports fashion,,jd sports fashion
aeroports de paris,,aeroports de paris
banque cantonale vaudoise,,banque cantonale vaudoise
amadeus it group,,amadeus it group 
bank of lanzhou,,bank of lanzhou
digital china group,,digital china group
korean air,,korean air
san-in godo bank,,san-in godo bank
cpfl energia,,cpfl energia
airports of thailand,,airports of thailand
nanto bank,,nanto bank
toho bank,,toho bank
veeva systems,,veeva systems
aier eye hospital group,,aier eye hospital group
keiyo bank,,keiyo bank
abrdn,,abrdn
kyndryl holdings,,kyndryl holdings
qurate retail group,,qurate retail group
cosco shipping development,,cosco shipping development
huaibei mining holdings,,huaibei mining holdings
inventec,,inventec
hanwa,,hanwa
pt saratoga investama sedaya,,pt saratoga investama sedaya
saputo,,saputo
shimizu,,shimizu
e-l financial,,e-l financial
basler kantonalbank,,basler kantonalbank
snap-on,,snap-on
luzerner kantonalbank,,luzerner kantonalbank
zhangzhou pientzehuang pharmaceutical,,zhangzhou pientzehuang pharmaceutical
kinnevik,,kinnevik
vietnam technological & commercial joint stock bank,,vietnam technological & commercial joint stock bank
fibi holdings,,fibi holdings
wesco international,,wesco international
yunnan yuntianhua,,yunnan yuntianhua
sitc international holdings,,sitc international holdings
anhui water resources development,,anhui water resources development
tokyo kiraboshi financial group,,tokyo kiraboshi financial group
tenneco,,tenneco
pacwest bancorp,,pacwest bancorp
bank of gansu,,bank of gansu
barry callebaut,,barry callebaut
grupa lotos,,grupa lotos
yunnan energy new material,,yunnan energy new material
sca,,sca
acwa power,,acwa power
f&f,,f&f
pennymac financial services,,pennymac financial services
aareal bank,,aareal bank
essex property trust,,essex property trust
nanjing iron & steel,,nanjing iron & steel
samsung sds,,samsung sds
aozora bank,,aozora bank
electrolux group,,electrolux group
azrieli group,,azrieli group
brown & brown,,brown & brown
times property holdings,,times property holdings
gold fields,,gold fields
commerce bancshares,,commerce bancshares
tmb bank,,tmb bank
china aviation oil,,china aviation oil
nippon steel trading,,nippon steel trading
webster financial,,webster financial
novatek microelectronics corp.,,novatek microelectronics corp.
persimmon,,persimmon
seagen,,seagen
commercial metals,,commercial metals
mongodb,,mongodb
bank of xi'an,,bank of xi'an
grifols,,grifols
murphy usa,,murphy usa
cencosud,,cencosud
ares management,,ares management
kiyo bank,,kiyo bank 
shandong iron and steel,,shandong iron and steel
parkland,,parkland
central bank of india,,central bank of india
galaxy entertainment,,galaxy entertainment
teledyne technologies,,teledyne technologies
dexus,,dexus
palantir technologies,,palantir technologies
rothschild & co.,,rothschild & co.
wintrust financial,,wintrust financial
costar group,,costar group
banque centrale populaire,,banque centrale populaire
mr. cooper group,,mr. cooper group
xiamen xinde,,xiamen xinde
ayala corp,,ayala corp
shanghai fosun pharmaceutical,,shanghai fosun pharmaceutical
shenzhen inovance technology,,shenzhen inovance technology
genmab,,genmab
ansys,,ansys
tmx group,,tmx group
gap,,gap
hyakujushi bank,,hyakujushi bank
asm international,,asm international
tokyu fudosan,,tokyu fudosan
albemarle,,albemarle
bradespar,,bradespar
aristocrat leisure,,aristocrat leisure
hainan airlines holding,,hainan airlines holding
metropolitan bank & trust,,metropolitan bank & trust
robert half international,,robert half international
shanghai yuyuan tourist mart,,shanghai yuyuan tourist mart
bread financial holdings,,bread financial holdings
healthpeak properties,,healthpeak properties
steris,,steris
yamada denki,,yamada denki
xpo logistics,,xpo logistics
hera,,hera
intco medical technology,,intco medical technology
adnoc drilling,,adnoc drilling
hokkoku financial holdings,,hokkoku financial holdings
shenzhou international group holdings,,shenzhou international group holdings
far eastern new century,,far eastern new century
farfetch,,farfetch
huali industrial group,,huali industrial group
jindal steel & power,,jindal steel & power
mashreq bank,,mashreq bank
zall smart commerce group,,zall smart commerce group
fcc,,fcc
veon,,veon
avichina industry & technology,,avichina industry & technology
masco,,masco
weihai city commercial bank,,weihai city commercial bank
cadence bank,,cadence bank
yamato holdings,,yamato holdings
musashino bank,,musashino bank
pinnacle bank,,pinnacle bank
jinshang bank,,jinshang bank
seiko epson,,seiko epson
ampol,,ampol 
jb financial group,,jb financial group
tapestry,,tapestry
logitech international,,logitech international
fertiglobe,,fertiglobe
wt microelectronics,,wt microelectronics
group 1 automotive,,group 1 automotive
unity software,,unity software
china petroleum engineering,,china petroleum engineering
li auto,,li auto
swedish match,,swedish match
twilio,,twilio
whitecap resources,,whitecap resources
efg international,,efg international
grandjoy holdings group,,grandjoy holdings group
kloeckner & co,,kloeckner & co
match group,,match group
onex,,onex
wingtech technology,,wingtech technology
aperam,,aperam
shenzhen feima international supply chain,,shenzhen feima international supply chain
nmdc,,nmdc
sichuan changhong electric,,sichuan changhong electric
satellite chemical,,satellite chemical
sun communities,,sun communities
